No,Prompt,Avg. rank,Visibility,Responses,Brands
1,"Where can I find the best online Lebanese Arabic lessons for beginners?","-",0,2,"Lebanese Arabic Institute (LAI), Udemy, Study Arabic Online, Playaling"
2,"Which platforms offer live tutoring for Lebanese Arabic with native speakers?","-",0,2,"Lebanese Arabic Online Tutoring, Strommen, Lebanese Arabic Institute (LAI), NaTakallam, Preply"
3,"What are the top apps for learning Lebanese Arabic conversational skills?","-",0,2,"Talkio AI, Keefak, Playaling, Mango Languages, iTalki, HelloTalk"
4,"Where can I book private Lebanese Arabic lessons tailored to adults?","-",0,2,"Lebanese Arabic Online Tutoring, The Lebanese Arabic Institute, Online Lebanese Arabic Lessons, Study Arabic Online, RYZE Projects - Lebanese Arabic for Adults (AEST), RYZE Projects, Levantine Institute"
5,"Are there subscription services for comprehensive Lebanese Arabic courses?","-",0,2,"Lebanese Arabic Institute (LAI), RYZE, Lebanese Arabic Accelerator, Arabic with Angela, Preply"
6,"Which companies provide certified Lebanese Arabic language programs?","-",0,2,"Saifi Institute for Arabic Language, Lebanese Arabic Institute (LAI), Levantine Institute (LEVIT), Lebanese Arabic Online (Excellence Center), Lebanese Arabic Accelerator, The Spoken Arabic"
7,"Where can I join group classes focused on Lebanese Arabic dialect?",4,100,2,"Lebanese Arabic Institute (LAI), Levantine Online, The Excellence Center - Lebanese Arabic Online, Lebanese Arabic with Hiba, Lebanese Arabic Accelerator"
8,"What online services offer flexible scheduling for Lebanese Arabic lessons?","-",0,2,"The Excellence Center - Lebanese Arabic Online, Lebanese Arabic Institute (LAI), Strommen"
9,"Where can I find immersive Lebanese Arabic language learning experiences?","-",0,2,"Levantine Institute (LEVIT), Lebanese Arabic Institute Online, RYZE Lebanese Arabic, Lebanese Arabic Accelerator, Lebanese American University, Lebanese American University’s SINARC Program, SINARC Program, The Excellence Center"
10,"Which providers offer Lebanese Arabic lessons with cultural context included?","-",0,2,"Lebanese Arabic Institute (LAI), RYZE, Levantine Institute (LEVIT), American University of Beirut (CAMES Program), American University of Beirut (AUB), Study Levantine Arabic Online, Excellence Center"
