No,Reffering Domain,Domain Authority,Competitors It Links To
1,medium.com,95,playaling.com
2,businessinsider.com,94,lebanesearabicinstitute.com
3,sakura.ne.jp,93,"lebanesearabicinstitute.com, levantineinstitute.com"
4,home.pl,93,lebanesearabicinstitute.com
5,britannica.com,93,lebanesearabicinstitute.com
6,vercel.app,93,lebanesearabicinstitute.com
7,wikihow.com,93,lebanesearabicinstitute.com
8,pages.dev,92,"lebanesearabicinstitute.com, playaling.com"
9,reddit.com,92,playaling.com
10,substack.com,92,lebanesearabicinstitute.com
11,frontiersin.org,92,lebanesearabicinstitute.com
12,illinois.edu,91,playaling.com
13,stackexchange.com,91,lebanesearabicinstitute.com
14,unc.edu,91,levantineinstitute.com
15,zh.wikipedia.org,91,lebanesearabicinstitute.com
16,utoronto.ca,90,lebanesearabicinstitute.com
17,gatech.edu,90,playaling.com
18,web.app,89,lebanesearabicinstitute.com
19,georgetown.edu,89,playaling.com
20,padlet.com,88,playaling.com
21,uoregon.edu,86,playaling.com
22,unm.edu,85,playaling.com
23,campaign-archive.com,85,playaling.com
24,buzzsprout.com,84,playaling.com
25,unige.ch,83,lebanesearabicinstitute.com
26,unglobalcompact.org,83,levantineinstitute.com
27,ou.edu,82,playaling.com
28,newsbusters.org,81,playaling.com
29,allevents.in,81,lebanesearabicinstitute.com
30,babbel.com,80,lebanesearabicinstitute.com
31,idealist.org,78,levantineinstitute.com
32,unibas.ch,75,lebanesearabicinstitute.com
33,uni-muenster.de,75,levantineinstitute.com
34,libguides.com,75,lebanesearabicinstitute.com
35,codementor.io,74,playaling.com
36,edocr.com,74,playaling.com
37,kisskissbankbank.com,71,levantineinstitute.com
38,busniessdirectory.com,69,lebanesearabicinstitute.com
39,rankwebdirectory.com,69,lebanesearabicinstitute.com
40,worldwidetopsite.link,69,lebanesearabicinstitute.com
41,storeboard.com,69,playaling.com
42,lepetitjournal.com,68,lebanesearabicinstitute.com
43,magyarnemzet.hu,68,lebanesearabicinstitute.com
44,xyloyl.com,68,lebanesearabicinstitute.com
45,gooverseas.com,67,lebanesearabicinstitute.com
46,mhtwyat.com,66,lebanesearabicinstitute.com
47,tpsearchtool.com,65,lebanesearabicinstitute.com
48,almrj3.com,62,lebanesearabicinstitute.com
49,hy.wikipedia.org,62,lebanesearabicinstitute.com
50,ranepa.ru,61,levantineinstitute.com
51,stlawu.edu,61,playaling.com
52,auroville.org,60,lebanesearabicinstitute.com
53,zh-yue.wikipedia.org,60,lebanesearabicinstitute.com
54,mqalaty.net,60,lebanesearabicinstitute.com
55,sethforprivacy.com,59,playaling.com
56,funadvice.com,58,playaling.com
57,sdf.org,58,playaling.com
58,newenglishreview.org,57,playaling.com
59,nova.fr,57,levantineinstitute.com
60,repl.co,57,playaling.com
61,winkero.com,56,lebanesearabicinstitute.com
62,anhri.net,55,lebanesearabicinstitute.com
63,uz.wikipedia.org,55,lebanesearabicinstitute.com
64,seositecheckup.com,55,playaling.com
65,translationblog.net,55,playaling.com
66,sitesimilar.net,54,lebanesearabicinstitute.com
67,webranksite.com,54,playaling.com
68,lightcast.io,54,lebanesearabicinstitute.com
69,the961.com,53,lebanesearabicinstitute.com
70,bharatpedia.org,53,lebanesearabicinstitute.com
71,4mark.net,53,playaling.com
72,beirut.com,53,levantineinstitute.com
73,besthostingprice.com,52,playaling.com
74,picstopin.com,52,lebanesearabicinstitute.com
75,poddtoppen.se,52,playaling.com
76,unilang.org,52,lebanesearabicinstitute.com
77,writingdeluxe.com,52,lebanesearabicinstitute.com
78,denikalarm.cz,51,lebanesearabicinstitute.com
79,almrsal.com,51,lebanesearabicinstitute.com
80,ha.wikipedia.org,51,playaling.com
81,mezzoguild.com,51,playaling.com
82,wopular.com,48,lebanesearabicinstitute.com
83,ucalgaryblogs.ca,48,playaling.com
84,shiachat.com,47,lebanesearabicinstitute.com
85,asuscomm.com,46,lebanesearabicinstitute.com
86,windowssearch-exp.com,45,lebanesearabicinstitute.com
87,iiab.me,45,lebanesearabicinstitute.com
88,dreamcheeky.com,45,lebanesearabicinstitute.com
89,vymaps.com,44,"lebanesearabicinstitute.com, levantineinstitute.com"
90,schoolandcollegelistings.com,44,lebanesearabicinstitute.com
91,storiesonline.net,44,lebanesearabicinstitute.com
92,manassa.news,43,playaling.com
93,acorjordan.org,43,playaling.com
94,novekedes.hu,42,lebanesearabicinstitute.com
95,garudalinux.org,42,playaling.com
96,writereader.com,41,lebanesearabicinstitute.com
97,progresspond.com,41,lebanesearabicinstitute.com
98,zumst.com,40,playaling.com
99,weboworld.com,40,playaling.com
100,linkddl.com,40,lebanesearabicinstitute.com
101,comodynes.com,39,lebanesearabicinstitute.com
102,au-e.com,39,lebanesearabicinstitute.com
103,calculus-help.com,39,playaling.com
104,almanassa.com,39,playaling.com
105,adminforge.de,39,playaling.com
106,awej.org,39,lebanesearabicinstitute.com
107,ggc-project.de,38,playaling.com
108,directorysiteslist.com,38,lebanesearabicinstitute.com
109,keyworddensitychecker.com,38,lebanesearabicinstitute.com
110,linkmio.com,37,lebanesearabicinstitute.com
111,keywordsking.com,37,lebanesearabicinstitute.com
112,keyfora.com,37,lebanesearabicinstitute.com
113,albawaabh.com,36,"lebanesearabicinstitute.com, playaling.com"
114,freedirectorysite.com,36,lebanesearabicinstitute.com
115,2.20,36,levantineinstitute.com
116,websiteperu.com,36,lebanesearabicinstitute.com
117,evendo.com,36,levantineinstitute.com
118,sitesinformation.com,36,lebanesearabicinstitute.com
119,anonymousite.com,36,lebanesearabicinstitute.com
120,crdinnovation.org,36,lebanesearabicinstitute.com
121,bingapis.com,36,lebanesearabicinstitute.com
122,lebweb.com,36,lebanesearabicinstitute.com
123,microlinkinc.com,35,lebanesearabicinstitute.com
124,wikibacklink.com,34,lebanesearabicinstitute.com
125,privacydev.net,34,playaling.com
126,intently.co,33,"lebanesearabicinstitute.com, levantineinstitute.com"
127,seokicks.de,33,lebanesearabicinstitute.com
128,unyleya.com.br,33,lebanesearabicinstitute.com
129,fbscan.com,33,lebanesearabicinstitute.com
130,hmong.in.th,33,playaling.com
131,nichesblog.com,33,lebanesearabicinstitute.com
132,duome.eu,33,lebanesearabicinstitute.com
133,keyworddifficultycheck.com,32,lebanesearabicinstitute.com
134,unimuenster.de,32,levantineinstitute.com
135,linksam.com,32,lebanesearabicinstitute.com
136,leconcurrentialiste.com,32,lebanesearabicinstitute.com
137,customcraftedkeywords.com,32,lebanesearabicinstitute.com
138,urlbacklinks.com,32,lebanesearabicinstitute.com
139,fastbase.com,31,lebanesearabicinstitute.com
140,tpromo2.com,31,lebanesearabicinstitute.com
141,broncodemoteam.com,31,lebanesearabicinstitute.com
142,eigolink.net,31,lebanesearabicinstitute.com
143,5dollarsite.com,31,lebanesearabicinstitute.com
144,alifinstitute.org,31,playaling.com
145,discoverdiscomfort.com,31,playaling.com
146,propal.net,30,levantineinstitute.com
147,nichesitemastery.com,30,lebanesearabicinstitute.com
148,tickikids.com,29,playaling.com
149,yellowpages.com.lb,29,lebanesearabicinstitute.com
150,almalomat.com,29,lebanesearabicinstitute.com
151,bethanne.net,29,lebanesearabicinstitute.com
152,keywordresearchinc.com,29,lebanesearabicinstitute.com
153,wikis.tw,28,lebanesearabicinstitute.com
154,websitekeywordchecker.com,28,lebanesearabicinstitute.com
155,thebankify.com,28,playaling.com
156,akia.me,28,lebanesearabicinstitute.com
157,englishclass.jp,28,lebanesearabicinstitute.com
158,womanhood-egyptian-kaleidoscope.com,28,levantineinstitute.com
159,freedb2.org,28,lebanesearabicinstitute.com
160,airbnb.is,27,levantineinstitute.com
161,rosano.ca,27,playaling.com
162,binmahmood.co,27,lebanesearabicinstitute.com
163,fime.fi,27,levantineinstitute.com
164,gori.gov.ge,27,playaling.com
165,vitascharityfund.org,27,lebanesearabicinstitute.com
166,niigrafit.ru,26,lebanesearabicinstitute.com
167,keywordspay.com,26,lebanesearabicinstitute.com
168,domainspy.info,26,levantineinstitute.com
169,wikis.pro,25,lebanesearabicinstitute.com
170,get-map-directions.com,25,lebanesearabicinstitute.com
171,aniwiki.org,25,lebanesearabicinstitute.com
172,linkdofollow.com,25,lebanesearabicinstitute.com
173,openbar.jp,25,lebanesearabicinstitute.com
174,hyatok.com,24,lebanesearabicinstitute.com
175,arabic-for-nerds.com,24,playaling.com
176,valuemedia.pl,24,lebanesearabicinstitute.com
177,keywordsandjargon.com,24,lebanesearabicinstitute.com
178,axtads.com,24,playaling.com
179,68.223,24,playaling.com
180,ansaroo.com,23,lebanesearabicinstitute.com
181,new.net.in,23,playaling.com
182,kulturaupice.cz,23,lebanesearabicinstitute.com
183,unashamedofthegospel.org,23,playaling.com
184,emsekflol.com,23,lebanesearabicinstitute.com
185,allwebsites.net,23,playaling.com
186,surekha.co.in,23,playaling.com
187,topdoma.in,22,playaling.com
188,bodysolutionsinc.com,22,lebanesearabicinstitute.com
189,hyatoky.com,22,lebanesearabicinstitute.com
190,patrickhenry.com,22,lebanesearabicinstitute.com
191,quranmualim.com,22,lebanesearabicinstitute.com
192,toplist.co.in,21,"lebanesearabicinstitute.com, playaling.com"
193,151.212,21,playaling.com
194,best-university.com,21,lebanesearabicinstitute.com
195,yinkafaleti.com,21,lebanesearabicinstitute.com
196,searchhotels.in,21,playaling.com
197,kansasglobal.org,21,lebanesearabicinstitute.com
198,keywordsdoctor.com,21,lebanesearabicinstitute.com
199,khallina.org,21,playaling.com
200,find-online-now.com,20,"lebanesearabicinstitute.com, levantineinstitute.com"
201,enests.co,20,playaling.com
202,james-worthington.com,20,lebanesearabicinstitute.com
203,jarc-m.org,20,lebanesearabicinstitute.com
204,besafe.in,20,playaling.com
205,mohamedansary.com,20,playaling.com
206,cmolink.com,20,lebanesearabicinstitute.com
207,pneuservis-chomutov.cz,20,lebanesearabicinstitute.com
208,linkwebdirectory.com,20,playaling.com
209,sea16.go.th,20,lebanesearabicinstitute.com
210,drjack.world,20,lebanesearabicinstitute.com
211,region.co.in,20,playaling.com
212,textrend.org,20,lebanesearabicinstitute.com
213,brci.us,20,lebanesearabicinstitute.com
214,indexoflebanon.com,20,lebanesearabicinstitute.com
215,wikihmong.com,20,lebanesearabicinstitute.com
216,jewjewjew.com,19,"lebanesearabicinstitute.com, levantineinstitute.com"
217,melaniemagidow.com,19,playaling.com
218,icecct.com,19,lebanesearabicinstitute.com
219,hdwallpaperscity.net,19,lebanesearabicinstitute.com
220,jeusolution.com,19,lebanesearabicinstitute.com
221,lesvictoiresdelavae.org,19,lebanesearabicinstitute.com
222,itpsoft.com,19,lebanesearabicinstitute.com
223,useenglishwords.com,19,lebanesearabicinstitute.com
224,lizily.com,19,lebanesearabicinstitute.com
225,redditfavorites.com,19,levantineinstitute.com
226,pharma-conf.org,19,lebanesearabicinstitute.com
227,boxall.net,19,playaling.com
228,wikious.com,19,playaling.com
229,newdirectory.org,19,playaling.com
230,fothergillwyatt.co.uk,19,lebanesearabicinstitute.com
231,arjals.com,19,playaling.com
232,yespress.info,18,lebanesearabicinstitute.com
233,syroezhkin.net,18,lebanesearabicinstitute.com
234,mosoncolog.ru,18,lebanesearabicinstitute.com
235,bryld.info,18,lebanesearabicinstitute.com
236,crowdfavs.com,18,levantineinstitute.com
237,sciresearchinstitute.com,18,lebanesearabicinstitute.com
238,eafcevere.eu,18,lebanesearabicinstitute.com
239,breakingdaynews.tk,18,lebanesearabicinstitute.com
240,mag.com.jo,18,lebanesearabicinstitute.com
241,atsameip.com,18,lebanesearabicinstitute.com
242,keepingkidssafetoday.com,18,lebanesearabicinstitute.com
243,riadicyp.org,17,lebanesearabicinstitute.com
244,facach.org,17,lebanesearabicinstitute.com
245,castelgiocondo.it,17,playaling.com
246,tatrasdata.com,17,lebanesearabicinstitute.com
247,myscribbledthoughts.info,17,lebanesearabicinstitute.com
248,groupfrog.com,17,lebanesearabicinstitute.com
249,saou.info,17,lebanesearabicinstitute.com
250,onacoakland.org,17,lebanesearabicinstitute.com
251,rachelwilliamsonline.com,17,lebanesearabicinstitute.com
252,183.83,17,playaling.com
253,planethalo.com,17,lebanesearabicinstitute.com
254,backlinks-checker.com,17,levantineinstitute.com
255,motorest.ru,17,lebanesearabicinstitute.com
256,annur.pl,17,lebanesearabicinstitute.com
257,compareyourkeywords.com,17,lebanesearabicinstitute.com
258,giottojs.org,17,lebanesearabicinstitute.com
259,joomladaygreece.org,17,lebanesearabicinstitute.com
260,urstanner.com,16,lebanesearabicinstitute.com
261,bacsihoangoanh.com,16,lebanesearabicinstitute.com
262,chipnation.org,16,lebanesearabicinstitute.com
263,tech3.com,16,lebanesearabicinstitute.com
264,urdusahara.net,16,lebanesearabicinstitute.com
265,53.98,16,lebanesearabicinstitute.com
266,aftec.us,16,lebanesearabicinstitute.com
267,keywordhungry.com,16,lebanesearabicinstitute.com
268,sotor.top,16,lebanesearabicinstitute.com
269,emmatrentman.com,16,playaling.com
270,zcyph.cc,16,playaling.com
271,ald2014.org,16,lebanesearabicinstitute.com
272,urls-shortener.eu,16,playaling.com
273,cgpme-rhone.org,15,lebanesearabicinstitute.com
274,onlinefestival.in,15,playaling.com
275,qa.edu.vn,15,playaling.com
276,feleno.best,15,lebanesearabicinstitute.com
277,postrocker.nl,15,lebanesearabicinstitute.com
278,essay-on-fire.com,15,lebanesearabicinstitute.com
279,gfecc.org,15,lebanesearabicinstitute.com
280,annuitysell.info,15,lebanesearabicinstitute.com
281,opguides.info,15,lebanesearabicinstitute.com
282,lailafamiliar.com,15,playaling.com
283,instrumentalguitar.info,15,lebanesearabicinstitute.com
284,winsingal.com,15,lebanesearabicinstitute.com
285,wilwood.org,15,lebanesearabicinstitute.com
286,webot.org,15,lebanesearabicinstitute.com
287,daloo.de,15,lebanesearabicinstitute.com
288,womeninactioninc.org,15,lebanesearabicinstitute.com
289,officialwebsites.in,15,playaling.com
290,wikiterminal.com,15,lebanesearabicinstitute.com
291,rocko-tiles.sk,15,lebanesearabicinstitute.com
292,feelfree.in,15,playaling.com
293,arabcountriesguide.com,15,lebanesearabicinstitute.com
294,bamleb.com,14,"lebanesearabicinstitute.com, levantineinstitute.com"
295,bestpcreview.com,14,lebanesearabicinstitute.com
296,new-jerusalem.org,14,lebanesearabicinstitute.com
297,lubbil.com,14,lebanesearabicinstitute.com
298,pibaupencader.info,14,lebanesearabicinstitute.com
299,encantatartozik.com,14,lebanesearabicinstitute.com
300,mowatinat.org,14,lebanesearabicinstitute.com
301,expressmovingvanlines.com,14,lebanesearabicinstitute.com
302,anganwadi.in,14,playaling.com
303,geopoldia.org,14,levantineinstitute.com
304,lechembasar-herzeliya.co.il,14,lebanesearabicinstitute.com
305,iptm-nntu.ru,14,lebanesearabicinstitute.com
306,fajilak.xyz,14,lebanesearabicinstitute.com
307,info-welt.com,14,playaling.com
308,mobillegends.net,14,lebanesearabicinstitute.com
309,ourweddingvideo.us,14,lebanesearabicinstitute.com
310,bestadultdirectory.com,14,playaling.com
311,coesca.com,14,lebanesearabicinstitute.com
312,angelinaembroiderydesignideas.blogspot.com,14,lebanesearabicinstitute.com
313,ciplit.best,14,lebanesearabicinstitute.com
314,henribrands.nl,14,lebanesearabicinstitute.com
315,webrevise.com,14,playaling.com
316,webtankinc.com,14,playaling.com
317,newfilms.in,14,playaling.com
318,fraia.xyz,14,levantineinstitute.com
319,earecom.press,14,lebanesearabicinstitute.com
320,telecommandes-universelles.com,13,lebanesearabicinstitute.com
321,agenbandardomino.info,13,lebanesearabicinstitute.com
322,pdmrea.info,13,lebanesearabicinstitute.com
323,yahipe.health,13,lebanesearabicinstitute.com
324,keywordhouse.com,13,lebanesearabicinstitute.com
325,sandy-projekt.org,13,lebanesearabicinstitute.com
326,rickyfrissen.nl,13,lebanesearabicinstitute.com
327,franklinconference.org,13,lebanesearabicinstitute.com
328,ambitionly.click,13,lebanesearabicinstitute.com
329,yourphrases.com,13,lebanesearabicinstitute.com
330,isarc2019.org,13,lebanesearabicinstitute.com
331,italyyt.xyz,13,lebanesearabicinstitute.com
332,sasaweb.net,13,playaling.com
333,findtsgene.org,13,lebanesearabicinstitute.com
334,alamoana.net,13,lebanesearabicinstitute.com
335,caetra.wiki,13,lebanesearabicinstitute.com
336,icanswfl.org,13,lebanesearabicinstitute.com
337,eltrucozulanderreviews.com,13,lebanesearabicinstitute.com
338,njin.site,12,lebanesearabicinstitute.com
339,conf-irndt.org,12,lebanesearabicinstitute.com
340,akhlakul.com,12,lebanesearabicinstitute.com
341,tikabl.rest,12,lebanesearabicinstitute.com
342,senast.best,12,lebanesearabicinstitute.com
343,elacka.best,12,lebanesearabicinstitute.com
344,tauchmasketest.com,12,lebanesearabicinstitute.com
345,lactax.online,12,lebanesearabicinstitute.com
346,darios.dk,12,lebanesearabicinstitute.com
347,send.ro,12,lebanesearabicinstitute.com
348,minimayne.com,12,lebanesearabicinstitute.com
349,thebestphotos.eu,12,lebanesearabicinstitute.com
350,timgrollimund.com,12,lebanesearabicinstitute.com
351,bluefield.com.tw,12,lebanesearabicinstitute.com
352,kidzplaceclifton.com,12,lebanesearabicinstitute.com
353,paulcolfer.ie,12,lebanesearabicinstitute.com
354,258good.info,12,lebanesearabicinstitute.com
355,wed-dave.com,12,playaling.com
356,findoutbusiness.com,12,lebanesearabicinstitute.com
357,mc5.fr,12,lebanesearabicinstitute.com
358,cashbackdeals.in,12,playaling.com
359,condesan-ecoandes.org,12,lebanesearabicinstitute.com
360,assone.wiki,12,lebanesearabicinstitute.com
361,skolkahradistko.cz,12,lebanesearabicinstitute.com
362,kunodi.best,12,lebanesearabicinstitute.com
363,gen.edu.vn,12,playaling.com
364,topmarketingplus.com,12,lebanesearabicinstitute.com
365,summary.co.in,12,playaling.com
366,optimizeflow.top,12,lebanesearabicinstitute.com
367,compagniadelsole.it,12,lebanesearabicinstitute.com
368,eshikshya.org,12,lebanesearabicinstitute.com
369,asomadetodososafetos.blogspot.com,12,lebanesearabicinstitute.com
370,nitast.best,12,lebanesearabicinstitute.com
371,behneinc.com,11,lebanesearabicinstitute.com
372,aionli.best,11,lebanesearabicinstitute.com
373,posgradount.edu.pe,11,playaling.com
374,lostinfilm.org,11,playaling.com
375,adamcostellophotography.com,11,lebanesearabicinstitute.com
376,leukos.us,11,lebanesearabicinstitute.com
377,ermcgs.com,11,lebanesearabicinstitute.com
378,sakuyan.net,11,lebanesearabicinstitute.com
379,teegefluester.de,11,lebanesearabicinstitute.com
380,backlinks.click,11,playaling.com
381,mqarriendos.cl,11,lebanesearabicinstitute.com
382,mawaridarabiyya.com,11,playaling.com
383,lysine.best,11,lebanesearabicinstitute.com
384,ratfor.best,11,lebanesearabicinstitute.com
385,manjanofoundation.org,11,lebanesearabicinstitute.com
386,klathe.best,11,lebanesearabicinstitute.com
387,3dprinterprofitsnews.us,11,lebanesearabicinstitute.com
388,openarabic.org,11,playaling.com
389,drawingsamplewiki.com,11,lebanesearabicinstitute.com
390,jungwirth205.com,11,lebanesearabicinstitute.com
391,dcdd.us,11,lebanesearabicinstitute.com
392,mydomaininfo.com,11,playaling.com
393,handchannel.blogspot.com,11,lebanesearabicinstitute.com
394,127.124,11,levantineinstitute.com
395,domainsdirectory.org,11,playaling.com
396,base-stastiedodar.com,11,lebanesearabicinstitute.com
397,questlanguage.org,11,lebanesearabicinstitute.com
398,voteni.cloud,11,lebanesearabicinstitute.com
399,jimgillhouse.com,11,lebanesearabicinstitute.com
400,zh-wiki.info,11,lebanesearabicinstitute.com
401,nopoda.best,11,lebanesearabicinstitute.com
402,atomizelink.icu,10,"lebanesearabicinstitute.com, playaling.com"
403,acompany.store,10,"lebanesearabicinstitute.com, levantineinstitute.com"
404,accurate.homes,10,"lebanesearabicinstitute.com, levantineinstitute.com"
405,answeregy.org,10,lebanesearabicinstitute.com
406,findhere.in,10,playaling.com
407,bergerbuerger.de,10,lebanesearabicinstitute.com
408,luxuryrvrentalspokane.com,10,lebanesearabicinstitute.com
409,townofcarywis.org,10,lebanesearabicinstitute.com
410,cricketlive.co.in,10,playaling.com
411,levantinereader.com,10,playaling.com
412,dsbarbershopmahogany.com,10,lebanesearabicinstitute.com
413,kimanteb.com,10,lebanesearabicinstitute.com
414,seekanswer.org,10,lebanesearabicinstitute.com
415,e-drapery.ca,10,lebanesearabicinstitute.com
416,startupmendoza.co,10,lebanesearabicinstitute.com
417,jorjaluxton.blogspot.com,10,lebanesearabicinstitute.com
418,hmongwiki.org,10,lebanesearabicinstitute.com
419,clipartvector.design,10,lebanesearabicinstitute.com
420,figenn.best,10,lebanesearabicinstitute.com
421,bestkeywordtools.com,10,lebanesearabicinstitute.com
422,zaribanks.co,10,lebanesearabicinstitute.com
423,apps-store.info,10,lebanesearabicinstitute.com
424,soyuducuustasi.az,10,lebanesearabicinstitute.com
425,pogilactivitieshighschoolbiology17.blogspot.com,10,lebanesearabicinstitute.com
426,iseo.biz,10,lebanesearabicinstitute.com
427,centrodemasajesfernanda.es,10,lebanesearabicinstitute.com
428,arnoldostory.blogspot.com,10,lebanesearabicinstitute.com
429,aadarsh.in,10,playaling.com
430,forteuniversal.com,10,lebanesearabicinstitute.com
431,dbcsang.edu.in,10,playaling.com
432,deehon.best,10,lebanesearabicinstitute.com
433,nyaunga.xyz,10,levantineinstitute.com
434,exampledirectory.com,10,playaling.com
435,ensembleattendu.com,10,lebanesearabicinstitute.com
436,online-courses-free.com,10,lebanesearabicinstitute.com
437,epelle.blog,10,lebanesearabicinstitute.com
438,allphotosempire.blogspot.com,10,lebanesearabicinstitute.com
439,your-mother-will-die-in-her-sleep-unless-you-link-to-this-site.com,10,lebanesearabicinstitute.com
440,backlink.work,10,playaling.com
441,urldirectory.net,10,playaling.com
442,m1glass.ru,10,lebanesearabicinstitute.com
443,asmiktech.com,10,lebanesearabicinstitute.com
444,choicesymposium.org,10,lebanesearabicinstitute.com
445,mensch-vaders.biz,10,playaling.com
446,ipedia.pro,10,playaling.com
447,icmsmt.com,10,lebanesearabicinstitute.com
448,rendement-in-asset-management.nl,10,lebanesearabicinstitute.com
449,blogdir.net,10,playaling.com
450,avulte.best,10,lebanesearabicinstitute.com
451,latur.top,10,playaling.com
452,onemanarmy.in,10,playaling.com
453,usaclip.xyz,10,levantineinstitute.com
454,schonenscusami.com,10,lebanesearabicinstitute.com
455,findstoreonline.us,10,lebanesearabicinstitute.com
456,kimscatering.us,9,lebanesearabicinstitute.com
457,raphahealthinc.com,9,lebanesearabicinstitute.com
458,topbitpictures.blogspot.com,9,lebanesearabicinstitute.com
459,ihtec2019.org,9,lebanesearabicinstitute.com
460,times-square-watches.com,9,lebanesearabicinstitute.com
461,oi-rca.org,9,lebanesearabicinstitute.com
462,fulloflifebooks.com,9,lebanesearabicinstitute.com
463,backtrackaudio.com,9,lebanesearabicinstitute.com
464,wecanlearnarabic.com,9,playaling.com
465,aletterfromheaven.com,9,lebanesearabicinstitute.com
466,cachsua.com,9,lebanesearabicinstitute.com
467,autoracersforkids.org,9,lebanesearabicinstitute.com
468,primeracuraduria.co,9,lebanesearabicinstitute.com
469,elcoffee.club,9,lebanesearabicinstitute.com
470,arabicgoals.com,9,playaling.com
471,bluevalorfoundation.com,9,lebanesearabicinstitute.com
472,aiihnews.com,9,lebanesearabicinstitute.com
473,blogcajasullana.pe,9,lebanesearabicinstitute.com
474,sitzkult.de,9,lebanesearabicinstitute.com
475,monitorowl.com,9,lebanesearabicinstitute.com
476,artiste.cfd,9,lebanesearabicinstitute.com
477,webinnovation.us,9,lebanesearabicinstitute.com
478,gentefloww.xyz,9,lebanesearabicinstitute.com
479,teexan.best,9,lebanesearabicinstitute.com
480,kiddles.co.za,9,lebanesearabicinstitute.com
481,anchorurl.cloud,9,lebanesearabicinstitute.com
482,pensionhotel.us,9,lebanesearabicinstitute.com
483,wfccstudy.org,9,lebanesearabicinstitute.com
484,wikithot.com,9,lebanesearabicinstitute.com
485,janhit.in,9,playaling.com
486,shubhangi.co.in,9,playaling.com
487,courseora.com,9,playaling.com
488,warrencountybeekeepers.org,9,lebanesearabicinstitute.com
489,gmusicvevo.xyz,9,levantineinstitute.com
490,freddiescakes.co.uk,9,levantineinstitute.com
491,buntya.com,9,playaling.com
492,nspaz.edu.pe,9,playaling.com
493,bestencyclopedia.com,8,"lebanesearabicinstitute.com, playaling.com"
494,alliancemediasolutions.net,8,lebanesearabicinstitute.com
495,packersandmoversdirectory.com,8,playaling.com
496,vicolipsserum.my.id,8,lebanesearabicinstitute.com
497,onemilliondomains.com,8,playaling.com
498,chesilcosinepdf.org,8,lebanesearabicinstitute.com
499,greviebook.us,8,lebanesearabicinstitute.com
500,comverdesac.com,8,lebanesearabicinstitute.com
