No,Backlink,Domain Authority,Page Authority,Competitors It Links To
1,zacharyfoster.medium.com/8-resources-for-learning-colloquial-arabic-fd309b2d562d,95,53,playaling.com
2,www.businessinsider.com/where-is-former-nissan-ceo-carlos-ghosn-achrafieh-beirut-lebanon-2020-1,94,57,lebanesearabicinstitute.com
3,alarabiyah.sakura.ne.jp/arabic/study/classes/,93,43,"lebanesearabicinstitute.com, levantineinstitute.com"
4,alarabiyah.sakura.ne.jp/arabic/study/classes/,93,43,"lebanesearabicinstitute.com, levantineinstitute.com"
5,cechmistrz1.home.pl/valentin-yordanov/institute-for-short-4-letters,93,41,lebanesearabicinstitute.com
6,www.britannica.com/topic/Arabic-alphabet,93,65,lebanesearabicinstitute.com
7,coloringguru.vercel.app/phonetic-arabic-alphabet-arabic-alphabet-pronunciation-and-language/,93,43,lebanesearabicinstitute.com
8,www.wikihow.com/Greet-in-Arabic,93,58,lebanesearabicinstitute.com
9,gracez.pages.dev/02/NHqNjYFjJy,92,41,"lebanesearabicinstitute.com, playaling.com"
10,isonade.pages.dev/18/KBGiGbcKQw,92,41,"lebanesearabicinstitute.com, playaling.com"
11,www.reddit.com/r/learn_arabic/comments/ejmo5k/syrian_arabic_listening_comprehension_a_woman_has/,92,56,playaling.com
12,ammarmian.substack.com/p/81020-beirut-knowledge-as-maps-and,92,43,lebanesearabicinstitute.com
13,internal-journal.frontiersin.org/articles/10.3389/fpubh.2020.00101/full,92,42,lebanesearabicinstitute.com
14,linguistics.illinois.edu/languages/arabic/student-resources/arabic-online-resources,91,41,playaling.com
15,vi.stackexchange.com/questions/44684/charging-file-and-font-display-direction-and-start-position-across-horizontal,91,41,lebanesearabicinstitute.com
16,globalstudies.unc.edu/undergraduate/funding/sophomore/,91,47,levantineinstitute.com
17,zh.wikipedia.org/wiki/%E6%B5%B7%E5%A7%86%E5%AE%B0,91,55,lebanesearabicinstitute.com
18,philosophy.utoronto.ca/st-george/graduate/placement/phd-placement-record-2000-2009/,90,44,lebanesearabicinstitute.com
19,modlangs.gatech.edu/change-the-conversation,90,40,playaling.com
20,robert-croshawm75.web.app/arab-alphabet.html,89,38,lebanesearabicinstitute.com
21,guides.library.georgetown.edu/arabic/tools,89,40,playaling.com
22,padlet.com/padlets/iydml31gn091/exports/feed.xml,88,40,playaling.com
23,caslsintercom.uoregon.edu/content/index?Content_page=2563,86,39,playaling.com
24,llc.unm.edu/resources/media.html,85,38,playaling.com
25,us5.campaign-archive.com/?u=d82d3f97985fc0799a5b2299e&id=fee52dd64f,85,40,playaling.com
26,www.buzzsprout.com/156019/episodes/7471159-playaling,84,39,playaling.com
27,www.unige.ch/lettres/meslo/unites/arabe/liens,83,54,lebanesearabicinstitute.com
28,unglobalcompact.org/what-is-gc/participants/138770-Sham-Development-SARL.expelled,83,35,levantineinstitute.com
29,llc.ou.edu/Languages/Arabic,82,40,playaling.com
30,www.newsbusters.org/blogs/nb/mark-finkelstein/2025/06/22/msnbcs-mohyeldin-suggests-netanyahu-dog-walked-trump-attacking,81,41,playaling.com
31,allevents.in/beirut/arabic-group-classes-sep-nov-2016/1729700500626492,81,38,lebanesearabicinstitute.com
32,pt.babbel.com/pt/magazine/a-influencia-da-lingua-arabe-no-espanhol,80,36,lebanesearabicinstitute.com
33,www.idealist.org/en/business/571488ffe357474db2c849b4ef66dde9-levantine-institute-of-tripoli-tripoli,78,35,levantineinstitute.com
34,nahoststudien.philhist.unibas.ch/de/studium/sprachaufenthalte/,75,35,lebanesearabicinstitute.com
35,www.uni-muenster.de/ArabistikIslam/Studieren/PraktikaundSprachkurse/StudiumimAusland.html,75,41,levantineinstitute.com
36,iu.libguides.com/c.php?g=260350&p=4287664,75,37,lebanesearabicinstitute.com
37,qa.codementor.io/@s0l0m4n,74,33,playaling.com
38,www.edocr.com/v/rz9gwyem/Premium/learning-arabic-is-essential-for-understanding-the,74,36,playaling.com
39,www.kisskissbankbank.com/fr/projects/1001-ventres?ref=selection,71,34,levantineinstitute.com
40,busniessdirectory.com/website-list-520/,69,34,lebanesearabicinstitute.com
41,rankwebdirectory.com/website-list-520/,69,38,lebanesearabicinstitute.com
42,worldwidetopsite.link/website-list-520/,69,34,lebanesearabicinstitute.com
43,www.storeboard.com/playaling,69,38,playaling.com
44,lepetitjournal.com/beyrouth/ou-apprendre-larabe-beyrouth-159676,68,37,lebanesearabicinstitute.com
45,magyarnemzet.hu/kulfold/2024/12/mikent-unneplik-a-karacsonyt-azsiaban,68,32,lebanesearabicinstitute.com
46,xyloyl.com/website-list-520/,68,39,lebanesearabicinstitute.com
47,www.gooverseas.com/organization/lebanese-arabic-institute-reviews,67,33,lebanesearabicinstitute.com
48,mhtwyat.com/%D9%83%D9%85-%D8%B9%D8%AF%D8%AF-%D8%A7%D9%84%D8%AD%D8%B1%D9%88%D9%81-%D8%A7%D9%84%D9%87%D8%AC%D8%A7%D8%A6%D9%8A%D8%A9/,66,39,lebanesearabicinstitute.com
49,www.tpsearchtool.com/images/load-arabic,65,24,lebanesearabicinstitute.com
50,almrj3.com/the-word-that-has-a-thousand-is-pronounced-and-not-written/,62,32,lebanesearabicinstitute.com
51,hy.wikipedia.org/wiki/%D4%B1%D5%A6%D5%A3%D5%A1%D5%B5%D5%AB%D5%B6_%D6%85%D6%80%D5%B0%D5%B6%D5%A5%D6%80%D5%A3%D5%A5%D6%80%D5%AB_%D6%81%D5%A1%D5%B6%D5%AF,62,45,lebanesearabicinstitute.com
52,ion.ranepa.ru/announcement/kurs-arabskogo-yazyka-v-gorode-tripoli-livan/,61,32,levantineinstitute.com
53,www.stlawu.edu/offices/world-languages-cultures-and-media/arabic-resources,61,43,playaling.com
54,iewiki.auroville.org/images/n140dqh/64986109e417f186631cf62f61,60,30,lebanesearabicinstitute.com
55,zh-yue.wikipedia.org/wiki/%E8%AE%8A%E9%9F%B3%E7%AC%A6%E8%99%9F,60,46,lebanesearabicinstitute.com
56,mqalaty.net/%D8%AE%D8%B1%D9%8A%D8%B7%D8%A9-%D9%85%D9%81%D8%A7%D9%87%D9%8A%D9%85-%D8%A7%D9%84%D9%87%D9%85%D8%B2%D8%A9-%D8%A7%D9%84%D9%85%D8%AA%D8%B7%D8%B1%D9%81%D8%A9/,60,31,lebanesearabicinstitute.com
57,teddit.sethforprivacy.com/u/broliam12,59,26,playaling.com
58,www.funadvice.com/playaling,58,33,playaling.com
59,teddit.sdf.org/u/rukiv,58,32,playaling.com
60,www.newenglishreview.org/articles/conversational-arabic-a-new-stage-in-the-languages-evolution/,57,29,playaling.com
61,www.nova.fr/musiques/lintegral-autour-de-nova-a-tripoli-le-live-du-dan-gharibian-trio-143001-24-05-2021/,57,32,levantineinstitute.com
62,redditproxy--jasonthename.repl.co/r/learn_arabic/comments/ad26ry/more_learning_resources/,57,32,playaling.com
63,www.winkero.com/merry-christmas-in-arabic-k.html,56,20,lebanesearabicinstitute.com
64,elkarama.anhri.net/journal/cache/mje/merry-christmas-in-lebanese,55,27,lebanesearabicinstitute.com
65,uz.wikipedia.org/wiki/Davlat_madhiyalari_ro%CA%BByxati,55,43,lebanesearabicinstitute.com
66,seositecheckup.com/seo-audit/app.playaling.com,55,33,playaling.com
67,translationblog.net/how-to-say-i-love-you-in-arabic/,55,21,playaling.com
68,www.sitesimilar.net/lebanesearabicinstitute.com,54,27,lebanesearabicinstitute.com
69,webranksite.com/nanorobotics-the-future-of-robotics-at-the-best-nanoscale/,54,30,playaling.com
70,kb.lightcast.io/en/articles/8985791-lightcast-administrative-areas,54,30,lebanesearabicinstitute.com
71,the961.com/5-customs-youll-only-understand-if-youre-lebanese/,53,29,lebanesearabicinstitute.com
72,en.bharatpedia.org/wiki/List_of_national_anthems,53,25,lebanesearabicinstitute.com
73,www.4mark.net/story/10682312/home,53,35,playaling.com
74,www.beirut.com/en/51482/the-levantine-institute-of-tripoli-a-new-culturally-immersive-way-to-learn-arabic-in-lebanon,53,29,levantineinstitute.com
75,besthostingprice.com/top-domain-list-1035,52,31,playaling.com
76,www.picstopin.com/arabic-alphabet_LSKzGx6xWN*P5CKM6a3mcGrBpsxBmx5x0Fsis1blLI8/,52,29,lebanesearabicinstitute.com
77,poddtoppen.se/podcast/1355520780/the-levantini-podcast/playaling,52,31,playaling.com
78,forum.unilang.org/viewtopic.php?t=60097,52,29,lebanesearabicinstitute.com
79,writingdeluxe.com/when-%D8%A8%D8%A7%D9%84%D8%B9%D8%B1%D8%A8%D9%8A-k.html,52,20,lebanesearabicinstitute.com
80,denikalarm.cz/2024/10/reportaz-z-noci-kdy-byl-zabit-hasan-nasrallah-bude-z-libanonu-druha-gaza/,51,26,lebanesearabicinstitute.com
81,www.almrsal.com/post/1008999,51,41,lebanesearabicinstitute.com
82,ha.wikipedia.org/wiki/Harshen_Proto-Arabic,51,33,playaling.com
83,www.mezzoguild.com/learn/arabic/resources/apps/,51,34,playaling.com
84,www.wopular.com/newsracks/hamza,48,28,lebanesearabicinstitute.com
85,culturalportfolio.ucalgaryblogs.ca/sample-page/4/,48,27,playaling.com
86,www.shiachat.com/forum/topic/235081102-happy-new-year-2023/,47,29,lebanesearabicinstitute.com
87,wilearncap.asuscomm.com/kiwix/wikihow_en_maxi_2022-01/Greet-in-Arabic,46,29,lebanesearabicinstitute.com
88,www.windowssearch-exp.com/search?q=arabic+alphabet&FORM=QSRE4,45,29,lebanesearabicinstitute.com
89,iiab.me/kiwix/content/wikihow_en_maxi_2023-03/Say-Thank-You-in-Arabic,45,27,lebanesearabicinstitute.com
90,dreamcheeky.com/arabic-letter-names/,45,26,lebanesearabicinstitute.com
91,vymaps.com/LB/Lebanese-Arabic-Institute-40848/,44,32,"lebanesearabicinstitute.com, levantineinstitute.com"
92,vymaps.com/LB/Levantine-Institute-Of-Tripoli-1143278379104251/,44,35,"lebanesearabicinstitute.com, levantineinstitute.com"
93,www.schoolandcollegelistings.com/LB/Beirut/1740289952896885/Lebanese-Arabic-Institute,44,31,lebanesearabicinstitute.com
94,storiesonline.net/d/s2/t8581/seeking-replacement-code,44,28,lebanesearabicinstitute.com
95,manassa.news/en/stories/28722,43,24,playaling.com
96,publications.acorjordan.org/2021/04/15/arabic-in-practice-from-jordan-to-the-web/,43,29,playaling.com
97,novekedes.hu/global/mikent-unneplik-a-karacsonyt-azsiaban,42,30,lebanesearabicinstitute.com
98,teddit.garudalinux.org/u/elbarto2500,42,28,playaling.com
99,www.writereader.com/blog/write-reader-as-a-placement-and-diagnostic-tools-for-arabic-orf/,41,27,lebanesearabicinstitute.com
100,www.progresspond.com/2018/04/30/us-marines-dont-intervene-in-the-levant/,41,26,lebanesearabicinstitute.com
101,news.zumst.com/articles/104431136?cm=news_rankingNews,40,31,playaling.com
102,weboworld.com/listings/canton-of-luxembourg/Educational-Services,40,28,playaling.com
103,www.linkddl.com/link/arabic-symbol,40,29,lebanesearabicinstitute.com
104,www.comodynes.com/arap-alphabet-k.html,39,21,lebanesearabicinstitute.com
105,www.au-e.com/search/phonology-alphabet,39,30,lebanesearabicinstitute.com
106,calculus-help.com/influence-of-arab-mathematicians/,39,24,playaling.com
107,almanassa.com/en/stories/28722,39,25,playaling.com
108,teddit.adminforge.de/u/thesadsand,39,32,playaling.com
109,awej.org/a-descriptive-analysis-of-non-obligatory-shifts-in-three-disney-animated-films-dubbed-into-modern-standard-arabic/,39,29,lebanesearabicinstitute.com
110,nitter.ggc-project.de/FamiliarLaila,38,26,playaling.com
111,www.directorysiteslist.com/search/arabic-letters,38,28,lebanesearabicinstitute.com
112,www.keyworddensitychecker.com/search/urdu-alphabet-hamza,38,29,lebanesearabicinstitute.com
113,www.linkmio.com/sought/arabic-connecting-forms,37,28,lebanesearabicinstitute.com
114,www.keywordsking.com/YWxlcHBvIDE5MTU/,37,26,lebanesearabicinstitute.com
115,www.keyfora.com/search/arabic-alphabet,37,29,lebanesearabicinstitute.com
116,albawaabh.com/%D8%A3%D9%86%D9%88%D8%A7%D8%B9-%D8%A7%D9%84%D9%87%D9%85%D8%B2%D8%A7%D8%AA/,36,23,"lebanesearabicinstitute.com, playaling.com"
117,albawaabh.com/%D8%A3%D8%B3%D9%85%D8%A7%D8%A1-%D8%B3%D9%8A%D8%A7%D8%B3%D9%8A%D8%A9/,36,23,"lebanesearabicinstitute.com, playaling.com"
118,www.freedirectorysite.com/search/standard-arabic-alphabet,36,28,lebanesearabicinstitute.com
119,136.243.2.20/ArabistikIslam/Studieren/PraktikaundSprachkurse/Sprachkurse.html,36,23,levantineinstitute.com
120,www.websiteperu.com/search/arabic-thank-you,36,31,lebanesearabicinstitute.com
121,evendo.com/locations/lebanon/tripoli/landmark/levantine-institute-tripoli-mina,36,29,levantineinstitute.com
122,www.sitesinformation.com/search/tafadal,36,28,lebanesearabicinstitute.com
123,www.anonymousite.com/search/lebanon-area,36,28,lebanesearabicinstitute.com
124,faston.crdinnovation.org/arabic-alphabet-letters/,36,18,lebanesearabicinstitute.com
125,www.bingapis.com/images/search?q=Alphabet+Writing+Guide&FORM=RESTAB,36,27,lebanesearabicinstitute.com
126,www.lebweb.com/site/lebanon-lebanesearabicinstitute-142278,36,25,lebanesearabicinstitute.com
127,www.microlinkinc.com/search/abjad-chart,35,29,lebanesearabicinstitute.com
128,www.wikibacklink.com/search/arabic-letters,34,30,lebanesearabicinstitute.com
129,libreddit.privacydev.net/r/learn_arabic/comments/vvefew/playalingcom_is_a_website_where_they_take_youtube/,34,23,playaling.com
130,intently.co/suppliers/Lebanon/Beirut/Chinese+Lessons?display=normal,33,27,"lebanesearabicinstitute.com, levantineinstitute.com"
131,intently.co/suppliers/Lebanon/Beirut/Driving+Lessons?display=normal,33,27,"lebanesearabicinstitute.com, levantineinstitute.com"
132,www.seokicks.de/reverse-ip-lookup/198.20.114.3,33,28,lebanesearabicinstitute.com
133,acesso.unyleya.com.br/axfveceg/institute-for-short-4-letters,33,23,lebanesearabicinstitute.com
134,www.fbscan.com/find/arabic-alphabet-3-forms,33,27,lebanesearabicinstitute.com
135,hmong.in.th/wiki/Ancient_Arabic,33,24,playaling.com
136,www.nichesblog.com/search/arabic-alphabet-english,33,28,lebanesearabicinstitute.com
137,forum.duome.eu/viewtopic.php?t=2967,33,24,lebanesearabicinstitute.com
138,www.keyworddifficultycheck.com/search/arabic-language-institute,32,28,lebanesearabicinstitute.com
139,unimuenster.de/ArabistikIslam/Studieren/PraktikaundSprachkurse/StudiumimAusland.html,32,19,levantineinstitute.com
140,www.linksam.com/search/arabic-letters,32,22,lebanesearabicinstitute.com
141,leconcurrentialiste.com/%D8%AE%D8%B1%D9%8A%D8%B7%D8%A9-%D9%85%D8%AD%D8%A7%D9%81%D8%B8%D8%A9-%D8%AC%D8%A8%D9%84-%D9%84%D8%A8%D9%86%D8%A7%D9%86-k.html,32,21,lebanesearabicinstitute.com
142,www.customcraftedkeywords.com/find/arabic-letters,32,26,lebanesearabicinstitute.com
143,www.urlbacklinks.com/search/arabic-name-pronunciation-guide,32,28,lebanesearabicinstitute.com
144,www.fastbase.com/countryindex/Lebanon/L/Language-school,31,26,lebanesearabicinstitute.com
145,www.tpromo2.com/%D8%A7%D9%82%D8%B6%D9%8A%D8%A9-%D9%85%D8%AD%D8%A7%D9%81%D8%B8%D8%A9-%D8%A8%D8%B9%D9%84%D8%A8%D9%83-%D8%A7%D9%84%D9%87%D8%B1%D9%85%D9%84-k.html,31,18,lebanesearabicinstitute.com
146,www.broncodemoteam.com/?b=216340915,31,20,lebanesearabicinstitute.com
147,www.eigolink.net/find/arabic-alphabet-mp3,31,27,lebanesearabicinstitute.com
148,www.5dollarsite.com/site/hamza.ro,31,26,lebanesearabicinstitute.com
149,www.alifinstitute.org/gata/,31,24,playaling.com
150,discoverdiscomfort.com/learn-modern-standard-arabic-msa/,31,34,playaling.com
151,imarabe.propal.net/ar/nsht/drws-llg-l-rby/cima,30,16,levantineinstitute.com
152,www.nichesitemastery.com/search/arabic-letters-and-sounds,30,29,lebanesearabicinstitute.com
153,tickikids.com/ae-du/blog/208-benefits-of-learning-arabic-for-children-in-dubai/,29,25,playaling.com
154,www.yellowpages.com.lb/en/business/education/lebanese-arabic-institute,29,25,lebanesearabicinstitute.com
155,almalomat.com/96965/%D8%A3%D8%B3%D9%85%D8%A7%D8%A1-%D9%85%D9%86%D8%A7%D8%B7%D9%82-%D8%A8%D9%8A%D8%B1%D9%88%D8%AA/,29,36,lebanesearabicinstitute.com
156,www.bethanne.net/search/pausal-blog,29,26,lebanesearabicinstitute.com
157,www.keywordresearchinc.com/find/arabic-alphabet-english,29,26,lebanesearabicinstitute.com
158,wikis.tw/%E6%B5%B7%E5%A7%86%E5%AE%B0,28,16,lebanesearabicinstitute.com
159,www.websitekeywordchecker.com/search/arapsko-pismo,28,28,lebanesearabicinstitute.com
160,thebankify.com/tips-for-learning-arabic/,28,20,playaling.com
161,akia.me/nabatieh-wikipedia,28,18,lebanesearabicinstitute.com
162,englishclass.jp/topics/Lebanese_Arabic,28,22,lebanesearabicinstitute.com
163,www.womanhood-egyptian-kaleidoscope.com/press,28,17,levantineinstitute.com
164,freedb2.org/merry-christmas-images-in-arabic/,28,21,lebanesearabicinstitute.com
165,www.airbnb.is/s/Tripoli--Libanon/things-to-do?refinement_paths[]=%2Fthings_to_do%2Fpoint-of-interest%2Fpoint-of-interest,27,22,levantineinstitute.com
166,home.rosano.ca/lyrics/topic/arabic/,27,21,playaling.com
167,binmahmood.co/how-to-write-your-name-in-arabic-a-simple-guide-to-authentic-calligraphy/,27,16,lebanesearabicinstitute.com
168,www.fime.fi/koulutus/arabian-kielen-opiskelu/,27,23,levantineinstitute.com
169,mnack.gori.gov.ge/happy-ramadan.html,27,21,playaling.com
170,vitascharityfund.org/%D8%AE%D8%B1%D9%8A%D8%B7%D8%A9-%D9%84%D8%A8%D9%86%D8%A7%D9%86-%D8%A7%D9%84%D8%A7%D8%AF%D8%A7%D8%B1%D9%8A%D8%A9.html,27,14,lebanesearabicinstitute.com
171,niigrafit.ru/merry-christmas-in-arabic-k.html,26,22,lebanesearabicinstitute.com
172,www.keywordspay.com/search/phonology-table,26,25,lebanesearabicinstitute.com
173,domainspy.info/stats/levantineinstitute.com,26,22,levantineinstitute.com
174,wikis.pro/%E6%B5%B7%E5%A7%86%E5%AE%B0,25,17,lebanesearabicinstitute.com
175,www.get-map-directions.com/beyrouth-map/,25,20,lebanesearabicinstitute.com
176,aniwiki.org/christian-borders.html,25,24,lebanesearabicinstitute.com
177,www.linkdofollow.com/site/lebanesearabicinstitute.com,25,24,lebanesearabicinstitute.com
178,openbar.jp/geniuslove/bing.php?/images/search?q=arabic+alphabet+wikipedia&FORM=HDRSC2,25,19,lebanesearabicinstitute.com
179,hyatok.com/%D9%85%D8%A7_%D8%B9%D8%A7%D8%B5%D9%85%D8%A9_%D9%84%D8%A8%D9%86%D8%A7%D9%86,24,29,lebanesearabicinstitute.com
180,arabic-for-nerds.com/tools/websites-free-arabic-lessons/,24,25,playaling.com
181,static.valuemedia.pl/mmxfzn/colloquial-arabic-course.html,24,18,lebanesearabicinstitute.com
182,www.keywordsandjargon.com/search/arabic-alphabet-and-pronunciation,24,24,lebanesearabicinstitute.com
183,www.axtads.com/alexa-top-493501-494000-most-visited-websites/,24,23,playaling.com
184,129.15.68.223/Languages/Arabic,24,18,playaling.com
185,www.ansaroo.com/question/are-the-lebanese-arabic,23,25,lebanesearabicinstitute.com
186,www.new.net.in/domain-list-601,23,23,playaling.com
187,sahida.kulturaupice.cz/6217968274153223176/summer-arabic-study/,23,21,lebanesearabicinstitute.com
188,www.unashamedofthegospel.org/blog/?categoryid=6,23,21,playaling.com
189,www.emsekflol.com/2020/12/arabic-alphabet.html,23,22,lebanesearabicinstitute.com
190,www.allwebsites.net/domain-list-601,23,26,playaling.com
191,www.surekha.co.in/domain-list-601,23,23,playaling.com
192,www.topdoma.in/domain-list-601,22,23,playaling.com
193,bodysolutionsinc.com/%D8%AE%D8%B1%D9%8A%D8%B7%D8%A9-%D8%A8%D9%8A%D8%B1%D9%88%D8%AA-k.html,22,21,lebanesearabicinstitute.com
194,hyatoky.com/%D8%B7%D8%B1%D9%82_%D8%AA%D8%AF%D8%B1%D9%8A%D8%B3_%D8%A7%D9%84%D9%84%D8%BA%D8%A9_%D8%A7%D9%84%D8%B9%D8%B1%D8%A8%D9%8A%D8%A9_%D9%84%D8%BA%D9%8A%D8%B1_%D8%A7%D9%84%D9%86%D8%A7%D8%B7%D9%82%D9%8A%D9%86_%D8%A8%D9%87%D8%A7,22,29,lebanesearabicinstitute.com
195,patrickhenry.com/dsgn/lebanese-calligraphy,22,15,lebanesearabicinstitute.com
196,www.quranmualim.com/arabic-letter-hamza-pdf-download/,22,28,lebanesearabicinstitute.com
197,www.toplist.co.in/domain-list-431,21,26,"lebanesearabicinstitute.com, playaling.com"
198,www.toplist.co.in/domain-list-153,21,27,"lebanesearabicinstitute.com, playaling.com"
199,149.202.151.212/page577/,21,16,playaling.com
200,www.best-university.com/spanish-letters-pronunciation-chart/,21,24,lebanesearabicinstitute.com
201,dev.yinkafaleti.com/tjmbxc/article.php?tag=turkish-alphabet-pronunciation-pdf,21,16,lebanesearabicinstitute.com
202,www.searchhotels.in/domain-list-601,21,24,playaling.com
203,kansasglobal.org/alphabet-arabe-mp3-k.html,21,19,lebanesearabicinstitute.com
204,www.keywordsdoctor.com/YXJhYmljIGxldHRlcnM/,21,16,lebanesearabicinstitute.com
205,khallina.org/covid-19/%D9%85%D8%B5%D8%A7%D8%AF%D8%B1/,21,18,playaling.com
206,www.find-online-now.com/arabic-language-school/,20,23,"lebanesearabicinstitute.com, levantineinstitute.com"
207,www.find-online-now.com/sites/levantineinstitute.com/,20,23,"lebanesearabicinstitute.com, levantineinstitute.com"
208,enests.co/companies/lu/education/language-school,20,22,playaling.com
209,james-worthington.com/15533297633997770059/03-mastering-arabic-script-a-guide-to-handwriting.html,20,16,lebanesearabicinstitute.com
210,www.jarc-m.org/%D8%AE%D8%B1%D9%8A%D8%B7%D8%A9-%D9%84%D8%A8%D9%86%D8%A7%D9%86-%D8%A7%D9%84%D8%A7%D8%AF%D8%A7%D8%B1%D9%8A%D8%A9.html,20,16,lebanesearabicinstitute.com
211,www.besafe.in/domain-list-601,20,26,playaling.com
212,www.mohamedansary.com/technology/,20,23,playaling.com
213,www.cmolink.com/search/arabic-medial-letters,20,22,lebanesearabicinstitute.com
214,www.pneuservis-chomutov.cz/logo/qnym1l1/ah-in-ipa.html,20,17,lebanesearabicinstitute.com
215,www.linkwebdirectory.com/domain-list-601,20,18,playaling.com
216,www.sea16.go.th/rpc7e/adam-pronunciation-in-arabic,20,20,lebanesearabicinstitute.com
217,drjack.world/report/76626,20,24,lebanesearabicinstitute.com
218,www.region.co.in/domain-list-601,20,23,playaling.com
219,www.textrend.org/%D8%AE%D8%B1%D9%8A%D8%B7%D8%A9-%D9%84%D8%A8%D9%86%D8%A7%D9%86-%D8%A7%D9%84%D8%A7%D8%AF%D8%A7%D8%B1%D9%8A%D8%A9.html,20,12,lebanesearabicinstitute.com
220,www.brci.us/%D8%AE%D8%B1%D9%8A%D8%B7%D8%A9-%D9%84%D8%A8%D9%86%D8%A7%D9%86-%D8%A7%D9%84%D8%A7%D8%AF%D8%A7%D8%B1%D9%8A%D8%A9.html,20,14,lebanesearabicinstitute.com
221,www.indexoflebanon.com/directory/schools-in-lebanon/lebanon-company-in-clemenceau_lebanese-arabic-institute-sarl.php,20,20,lebanesearabicinstitute.com
222,wikihmong.com/en/List_of_national_anthems,20,21,lebanesearabicinstitute.com
223,jewjewjew.com/colloquial.kosher,19,24,"lebanesearabicinstitute.com, levantineinstitute.com"
224,jewjewjew.com/tripoli.kosher,19,24,"lebanesearabicinstitute.com, levantineinstitute.com"
225,melaniemagidow.com/2021/12/01/learning-arabic-alphabet/,19,15,playaling.com
226,icecct.com/list637/,19,21,lebanesearabicinstitute.com
227,hdwallpaperscity.net/happy-new-year-in-arabic-language/2015-resolution-discount-for-all-students-speak.html,19,15,lebanesearabicinstitute.com
228,jeusolution.com/social/Libanais,19,23,lebanesearabicinstitute.com
229,www.lesvictoiresdelavae.org/%D8%AE%D8%B1%D9%8A%D8%B7%D8%A9-%D9%84%D8%A8%D9%86%D8%A7%D9%86-%D8%A7%D9%84%D8%A7%D8%AF%D8%A7%D8%B1%D9%8A%D8%A9.html,19,13,lebanesearabicinstitute.com
230,itpsoft.com/%D8%A7%D8%A8-%D8%AA-%D8%AB-%D8%AC-%D8%AD-%D8%AE-%D8%AF-%D8%B0-%D8%B1-%D8%B2-%D8%B3-%D8%B4-%D8%B5-%D8%B6-%D8%B7-%D8%B8-%D8%B9-%D8%BA-%D9%81-%D9%82-%D9%83-%D9%84-%D9%85-%D9%86-%D9%87-%D9%88-%D9%89-%D8%A7%D9%84%D8%B9%D8%A7%D8%A8-k.html,19,16,lebanesearabicinstitute.com
231,useenglishwords.com/goto.php?url=aHR0cHM6Ly93d3cubGViYW5lc2VhcmFiaWNpbnN0aXR1dGUuY29tL2FyYWJpYy1hbHBoYWJldC8=,19,23,lebanesearabicinstitute.com
232,lizily.com/lebanon/1740289952896885/lebanese-arabic-institute,19,19,lebanesearabicinstitute.com
233,redditfavorites.com/r/lebanon,19,25,levantineinstitute.com
234,www.pharma-conf.org/%D8%AE%D8%B1%D9%8A%D8%B7%D8%A9-%D9%84%D8%A8%D9%86%D8%A7%D9%86-%D8%A7%D9%84%D8%A7%D8%AF%D8%A7%D8%B1%D9%8A%D8%A9.html,19,14,lebanesearabicinstitute.com
235,www.boxall.net/alexa-top-493501-494000-most-visited-websites/,19,18,playaling.com
236,wikious.com/en/Proto-Arabic_language,19,22,playaling.com
237,www.newdirectory.org/domain-list-601,19,22,playaling.com
238,fothergillwyatt.co.uk/arabic-alphabet-pronunciation-mp3-k.html,19,14,lebanesearabicinstitute.com
239,www.arjals.com/index.php/ajal/article/view/362,19,14,playaling.com
240,yespress.info/new-cliparts/arabica-tv-2020-new-clipart.htm,18,17,lebanesearabicinstitute.com
241,kpb-39.syroezhkin.net/tpmp48nm/ah-in-ipa.html,18,15,lebanesearabicinstitute.com
242,mosoncolog.ru/number-of-letters-in-arabic-alphabet-k.html,18,13,lebanesearabicinstitute.com
243,bryld.info/interesting-selection/lebanese-flag-png.htm,18,15,lebanesearabicinstitute.com
244,crowdfavs.com/r/lebanon,18,3,levantineinstitute.com
245,www.sciresearchinstitute.com/find/alphabet-arabic,18,24,lebanesearabicinstitute.com
246,eafcevere.eu/arabic-word-counter-k.html,18,18,lebanesearabicinstitute.com
247,breakingdaynews.tk/doc/learning-the-arabic-alphabet/learning-the-arabic-alphabet.php,18,12,lebanesearabicinstitute.com
248,www.mag.com.jo/kokgbu/modern-lebanese-clothing.html,18,17,lebanesearabicinstitute.com
249,atsameip.com/index?domain=3x3.unitel.ao&sia,18,22,lebanesearabicinstitute.com
250,keepingkidssafetoday.com/alphabets/arabic-alphabet-phonetic-letters-of-the-arabic-alphabet-and-how-to-pronounce-them-correctly-tarbiyyat-nau-mo-baieen-training-of-new-ahmadis-majlis-khuddamul-ahmadiyya-uk-ppt-download/,18,23,lebanesearabicinstitute.com
251,www.riadicyp.org/%D8%AE%D8%B1%D9%8A%D8%B7%D8%A9-%D9%84%D8%A8%D9%86%D8%A7%D9%86-%D8%A7%D9%84%D8%A7%D8%AF%D8%A7%D8%B1%D9%8A%D8%A9.html,17,11,lebanesearabicinstitute.com
252,zomko.facach.org/arabic-letters/,17,14,lebanesearabicinstitute.com
253,www.castelgiocondo.it/page577/,17,15,playaling.com
254,tatrasdata.com/0dpmh1i/conair-infiniti-pro-2-in-1-styler-straightener-and-curling-iron.html,17,19,lebanesearabicinstitute.com
255,www.myscribbledthoughts.info/page/a/arabic.html,17,15,lebanesearabicinstitute.com
256,www.groupfrog.com/search/arabic-alphabet-3,17,23,lebanesearabicinstitute.com
257,saou.info/10-minutes/arabic-alphabet-chart-pdf.htm,17,17,lebanesearabicinstitute.com
258,www.onacoakland.org/%D8%AE%D8%B1%D9%8A%D8%B7%D8%A9-%D9%84%D8%A8%D9%86%D8%A7%D9%86-%D8%A7%D9%84%D8%A7%D8%AF%D8%A7%D8%B1%D9%8A%D8%A9.html,17,11,lebanesearabicinstitute.com
259,rachelwilliamsonline.com/the-arabic-alphabet-a-guide-to-the-phonology-and.html,17,18,lebanesearabicinstitute.com
260,145.239.183.83/page577/,17,14,playaling.com
261,myhealth.planethalo.com/a-arabi-k.html,17,16,lebanesearabicinstitute.com
262,backlinks-checker.com/d/institutlevantinmarseille.com/1,17,23,levantineinstitute.com
263,www.motorest.ru/%D8%AD%D8%B1%D9%81-%D8%A1-k.html,17,16,lebanesearabicinstitute.com
264,annur.pl/%D8%B9%D9%8A%D8%AF-%D9%81%D9%90%D8%B5%D9%92%D8%AD-%D9%85%D9%8E%D8%AC%D9%8A%D8%AF-chwalebnych-swiat-zmartwychwstania/,17,15,lebanesearabicinstitute.com
265,www.compareyourkeywords.com/seeking/arabic-letters,17,24,lebanesearabicinstitute.com
266,www.giottojs.org/%D8%AE%D8%B1%D9%8A%D8%B7%D8%A9-%D9%84%D8%A8%D9%86%D8%A7%D9%86-%D8%A7%D9%84%D8%A7%D8%AF%D8%A7%D8%B1%D9%8A%D8%A9.html,17,15,lebanesearabicinstitute.com
267,joomladaygreece.org/%D8%AE%D8%B1%D9%8A%D8%B7%D8%A9-%D9%84%D8%A8%D9%86%D8%A7%D9%86-%D8%A7%D9%84%D8%A7%D8%AF%D8%A7%D8%B1%D9%8A%D8%A9.html,17,10,lebanesearabicinstitute.com
268,urstanner.com/al9ni/a5a0dlk/viewtopic.php?page=sram-nx-derailleur-and-shifter,16,13,lebanesearabicinstitute.com
269,bacsihoangoanh.com/profile/jonlee913/,16,18,lebanesearabicinstitute.com
270,chipnation.org/area+lebanon&FORM=QSRE4,16,25,lebanesearabicinstitute.com
271,tech3.com/?t=216340915,16,15,lebanesearabicinstitute.com
272,urdusahara.net/%D8%AE%D8%B1%D9%8A%D8%B7%D8%A9-%D9%85%D8%AD%D8%A7%D9%81%D8%B8%D8%A9-%D9%84%D8%A8%D9%86%D8%A7%D9%86-%D8%A7%D9%84%D8%B4%D9%85%D8%A7%D9%84%D9%8A-k.html,16,22,lebanesearabicinstitute.com
273,84.74.53.98/kiwix/wikihow_en_maxi_2022-01/Greet-in-Arabic,16,14,lebanesearabicinstitute.com
274,www.aftec.us/%D8%AE%D8%B1%D9%8A%D8%B7%D8%A9-%D9%84%D8%A8%D9%86%D8%A7%D9%86-%D8%A7%D9%84%D8%A7%D8%AF%D8%A7%D8%B1%D9%8A%D8%A9.html,16,14,lebanesearabicinstitute.com
275,www.keywordhungry.com/YXJhYmljIHN5bWJvbHM/,16,26,lebanesearabicinstitute.com
276,sotor.top/post/1008999,16,23,lebanesearabicinstitute.com
277,emmatrentman.com/2021/02/19/we-can-learn-arabic-website-spring-update/,16,16,playaling.com
278,teddit.zcyph.cc/u/Accomplished_Fox1,16,15,playaling.com
279,barati.ald2014.org/arabic-alphabet-chart/arabic-alphabet-chart-poster.html,16,15,lebanesearabicinstitute.com
280,urls-shortener.eu/share/2688996,16,24,playaling.com
281,cgpme-rhone.org/%D8%AE%D8%B1%D9%8A%D8%B7%D8%A9-%D9%84%D8%A8%D9%86%D8%A7%D9%86-%D8%A7%D9%84%D8%A7%D8%AF%D8%A7%D8%B1%D9%8A%D8%A9.html,15,12,lebanesearabicinstitute.com
282,www.onlinefestival.in/domain-list-601,15,28,playaling.com
283,qa.edu.vn/en/Proto-Arabic_language,15,17,playaling.com
284,feleno.best/article/136-core-arabic-words-basic-arabic-words-to-get-you-familiar-with-the-language,15,18,lebanesearabicinstitute.com
285,postrocker.nl/content/roger-federer-uniqlo-french-open-k.html,15,13,lebanesearabicinstitute.com
286,essay-on-fire.com/pashto-language-alphabet-and-pronunciation/french-pronunciation-guide-free-download-free-reviews-and-shareware.html,15,14,lebanesearabicinstitute.com
287,gfecc.org/arabic-letters-and-sounds-chart/arabic-alphabet-connected-forms-reference-chart-arabic.html,15,22,lebanesearabicinstitute.com
288,annuitysell.info/interesting/arabic-handwriting-alphabet.htm,15,18,lebanesearabicinstitute.com
289,opguides.info/other/conlangs/neography/,15,23,lebanesearabicinstitute.com
290,lailafamiliar.com/dont-become-an-obsolete-arabic-teacher/,15,12,playaling.com
291,instrumentalguitar.info/amazing/arabic-alphabet-chart-pdf.htm,15,15,lebanesearabicinstitute.com
292,answers.winsingal.com/kifak-meaning/,15,22,lebanesearabicinstitute.com
293,wilwood.org/%D8%AE%D8%B1%D9%8A%D8%B7%D8%A9-%D9%84%D8%A8%D9%86%D8%A7%D9%86-%D8%A7%D9%84%D8%A7%D8%AF%D8%A7%D8%B1%D9%8A%D8%A9.html,15,14,lebanesearabicinstitute.com
294,webot.org/info/en/?search=Arabic_calligraphy,15,26,lebanesearabicinstitute.com
295,pdns.daloo.de/search.php?alike=0&q=198.20.114.3,15,20,lebanesearabicinstitute.com
296,www.womeninactioninc.org/%D8%AE%D8%B1%D9%8A%D8%B7%D8%A9-%D9%84%D8%A8%D9%86%D8%A7%D9%86-%D8%A7%D9%84%D8%A7%D8%AF%D8%A7%D8%B1%D9%8A%D8%A9.html,15,13,lebanesearabicinstitute.com
297,www.officialwebsites.in/domain-list-601,15,28,playaling.com
298,wikiterminal.com/en/List_of_national_anthems,15,21,lebanesearabicinstitute.com
299,rocko-tiles.sk/yt4vghf/alesha-in-arabic-writing,15,12,lebanesearabicinstitute.com
300,www.feelfree.in/domain-list-601,15,28,playaling.com
301,arabcountriesguide.com/l/%D8%A7%D9%84%D8%B3%D9%8A%D8%A7%D8%AD%D8%A9-%D9%81%D9%8A-%D8%A8%D9%8A%D8%B1%D9%88%D8%AA-%D9%83%D9%84-%D9%85%D8%A7-%D8%B9%D9%84%D9%8A%D9%83-%D9%85%D8%B9%D8%B1%D9%81%D8%AA%D9%87,15,11,lebanesearabicinstitute.com
302,www.bamleb.com/guide/workshops/lebanese-arabic-institute,14,17,"lebanesearabicinstitute.com, levantineinstitute.com"
303,www.bamleb.com/guide/workshops/levantine-institute-of-tripoli-levit,14,17,"lebanesearabicinstitute.com, levantineinstitute.com"
304,tempera.bestpcreview.com/v97y4/fast-phonetic-transcription.html,14,15,lebanesearabicinstitute.com
305,new-jerusalem.org/tyncoic/institute-for-short-4-letters,14,14,lebanesearabicinstitute.com
306,lubbil.com/article/common-ways-to-say-thank-you-in-arabic-msa-dialects,14,30,lebanesearabicinstitute.com
307,pibaupencader.info/stunning-articles/arabic-language-logo.htm,14,17,lebanesearabicinstitute.com
308,encantatartozik.com/fact-check/covfefe-arabic-antediluvian/bp1g4932-t2,14,20,lebanesearabicinstitute.com
309,mowatinat.org/%D8%AE%D8%B1%D9%8A%D8%B7%D8%A9-%D9%84%D8%A8%D9%86%D8%A7%D9%86-%D8%A7%D9%84%D8%A7%D8%AF%D8%A7%D8%B1%D9%8A%D8%A9.html,14,12,lebanesearabicinstitute.com
310,expressmovingvanlines.com/ahlan-wa-sahlan-mp3-k.html,14,14,lebanesearabicinstitute.com
311,www.anganwadi.in/domain-list-601,14,9,playaling.com
312,www.geopoldia.org/,14,26,levantineinstitute.com
313,lechembasar-herzeliya.co.il/%D9%81-%D9%8A-%D8%B3-%D8%A8-%D9%88-%D9%83-k.html,14,13,lebanesearabicinstitute.com
314,iptm-nntu.ru/%D9%83%D8%AA%D8%A7%D8%A8%D8%A9-%D8%AD%D8%B1%D9%81-%D8%A7%D9%84%D9%87%D9%85%D8%B2%D8%A9-k.html,14,16,lebanesearabicinstitute.com
315,fajilak.xyz/easy-abstract-drawing/art-is-basic-teacher-blog-abstract-oil-pastel-trees-4th.html,14,15,lebanesearabicinstitute.com
316,info-welt.com/nl/how-do-you-say-thank-god-in-arabic/,14,22,playaling.com
317,mobillegends.net/arabic-at-gsu-the-arabic-alphabet,14,28,lebanesearabicinstitute.com
318,ourweddingvideo.us/where-is-beirut.html,14,11,lebanesearabicinstitute.com
319,www.bestadultdirectory.com/domain-list-570,14,14,playaling.com
320,retirementbar.coesca.com/how-to-write-jesus-in-arabic.html,14,22,lebanesearabicinstitute.com
321,angelinaembroiderydesignideas.blogspot.com/2021/12/j-alphabet-position-here-it-comes.html,14,9,lebanesearabicinstitute.com
322,ciplit.best/articles/what-does-the-german-word-third-reich-mean,14,21,lebanesearabicinstitute.com
323,bestchristmas.henribrands.nl/merry-christmas-translate-2021/,14,15,lebanesearabicinstitute.com
324,www.webrevise.com/alexa-top-493501-494000-most-visited-websites/,14,19,playaling.com
325,www.webtankinc.com/alexa-top-493501-494000-most-visited-websites/,14,19,playaling.com
326,www.newfilms.in/domain-list-601,14,26,playaling.com
327,fraia.xyz/watch/7qFIuy_7Z0g,14,17,levantineinstitute.com
328,epb.earecom.press/files/images/christmas-images-jesus.html,14,20,lebanesearabicinstitute.com
329,telecommandes-universelles.com/%D8%A7-%D8%A8-%D8%AA-%D8%AB-%D8%AC-%D8%AD-%D8%AE-%D8%AF-%D8%B0-%D8%B1-%D8%B2-%D8%B3-%D8%B4-%D8%B5-%D8%B6-%D8%B7-%D8%B8-%D8%B9-%D8%BA-%D9%81-%D9%82-%D9%83-%D9%84-%D9%85-%D9%86-%D9%87-%D9%88-%D9%89-k.html,13,20,lebanesearabicinstitute.com
330,agenbandardomino.info/search/arabic-alphabet,13,16,lebanesearabicinstitute.com
331,momycut.pdmrea.info/1603802108472464987/the-arabic-alphabet-a-guide-to-the-phonology-and-orthography-of/,13,21,lebanesearabicinstitute.com
332,yahipe.health/articles/how-do-you-say-baby-in-egyptian,13,20,lebanesearabicinstitute.com
333,www.keywordhouse.com/YXJhYmljIGxldHRlciB1/,13,18,lebanesearabicinstitute.com
334,desmon.sandy-projekt.org/arabic-script-font/,13,12,lebanesearabicinstitute.com
335,rickyfrissen.nl/%D9%85%D8%AD%D8%A7%D9%81%D8%B8%D8%A9-%D8%A7%D9%84%D8%B4%D9%85%D8%A7%D9%84-%D9%84%D8%A8%D9%86%D8%A7%D9%86-k.html,13,14,lebanesearabicinstitute.com
336,wanna.franklinconference.org/arabic-alphabet-chart/plastic-abs-board-and-paper-children-education-wall-hanging.html,13,13,lebanesearabicinstitute.com
337,ambitionly.click/keyword-ranking/1216148/what+does+sho+mean+in+slang,13,21,lebanesearabicinstitute.com
338,www.yourphrases.com/link/arabic-symbol,13,22,lebanesearabicinstitute.com
339,blog.isarc2019.org/%D8%AE%D8%B1%D9%8A%D8%B7%D8%A9-%D9%84%D8%A8%D9%86%D8%A7%D9%86-%D8%A7%D9%84%D8%A7%D8%AF%D8%A7%D8%B1%D9%8A%D8%A9.html,13,19,lebanesearabicinstitute.com
340,www.italyyt.xyz/watch/GtlnbviTRNE,13,18,lebanesearabicinstitute.com
341,sasaweb.net/alexa-top-493501-494000-most-visited-websites/,13,19,playaling.com
342,www.findtsgene.org/%D8%AE%D8%B1%D9%8A%D8%B7%D8%A9-%D9%84%D8%A8%D9%86%D8%A7%D9%86-%D8%A7%D9%84%D8%A7%D8%AF%D8%A7%D8%B1%D9%8A%D8%A9.html,13,9,lebanesearabicinstitute.com
343,alamoana.net/info/en/?search=Typewriter,13,21,lebanesearabicinstitute.com
344,caetra.wiki/article/ecriture-et-prononcer-le-hamza-un-guide-pour-l-institut-arabe-perplexe-libanais-1220,13,15,lebanesearabicinstitute.com
345,www.icanswfl.org/%D8%AE%D8%B1%D9%8A%D8%B7%D8%A9-%D9%85%D8%AD%D8%A7%D9%81%D8%B8%D8%A9-%D9%84%D8%A8%D9%86%D8%A7%D9%86-%D8%A7%D9%84%D8%B4%D9%85%D8%A7%D9%84%D9%8A-k.html,13,25,lebanesearabicinstitute.com
346,eltrucozulanderreviews.com/arabic-for-non-native-speakers-k.html,13,17,lebanesearabicinstitute.com
347,njin.site/how-to-say-have-a-safe-flight-in-arabic,12,16,lebanesearabicinstitute.com
348,denver.conf-irndt.org/arabic-alphabet-chart/arabic-script-arabic-genie.html,12,11,lebanesearabicinstitute.com
349,demo2.akhlakul.com/quran-symbol.html,12,16,lebanesearabicinstitute.com
350,tikabl.rest/article/so-you-want-to-learn-levantine-arabic-here-is-everything-you-need-to-know,12,22,lebanesearabicinstitute.com
351,senast.best/articles/what-is-mrs-claus-s-first-name,12,18,lebanesearabicinstitute.com
352,elacka.best/articles/what-is-the-most-beautiful-arabic-word,12,19,lebanesearabicinstitute.com
353,www.tauchmasketest.com/how-to-speak-lebanese-k.html,12,15,lebanesearabicinstitute.com
354,lactax.online/article/islamic-new-year-messages-1444-muharram-greetings-sms-for-whatsapp-facebook-in-2023-sms-for-wishes,12,18,lebanesearabicinstitute.com
355,darios.dk/8nklymh/2018-easton-ghost-fastpitch-bat-33/arabic-alphabet-initial%2C-medial-final-pdf.html,12,16,lebanesearabicinstitute.com
356,send.ro/h12yet/institute-for-short-4-letters,12,15,lebanesearabicinstitute.com
357,www.minimayne.com/alfabetul-arab-audio-k.html,12,16,lebanesearabicinstitute.com
358,www.thebestphotos.eu/merry-christmas-and-a-happy-new-year-gif.html,12,15,lebanesearabicinstitute.com
359,timgrollimund.com/azhar-pronunciation.php,12,14,lebanesearabicinstitute.com
360,bluefield.com.tw/merry-christmas-in-arabic-k.html,12,16,lebanesearabicinstitute.com
361,kidzplaceclifton.com/merry-christmas-in-arabic-k.html,12,12,lebanesearabicinstitute.com
362,wikipedia.paulcolfer.ie/content/wikihow_en_maxi_2023-03/Say-Thank-You-in-Arabic,12,24,lebanesearabicinstitute.com
363,258good.info/search/arabic-alphabet,12,24,lebanesearabicinstitute.com
364,wed-dave.com/article/bab-al-mandab-water-project-houthi-returnedqorruq44816hjqxy,12,20,playaling.com
365,www.findoutbusiness.com/wiki/%D8%A1,12,18,lebanesearabicinstitute.com
366,www.mc5.fr/h9ct4/batl-baseball-schedule,12,13,lebanesearabicinstitute.com
367,www.cashbackdeals.in/domain-list-601,12,22,playaling.com
368,keski.condesan-ecoandes.org/arabic-pronunciation-chart/this-drawing-shows-where-the-sounds-should-come-out-from.html,12,24,lebanesearabicinstitute.com
369,assone.wiki/article/who-are-the-independent-candidates-who-won-seats-in-lebanon-s-parliament,12,17,lebanesearabicinstitute.com
370,skolkahradistko.cz/%D8%AE%D8%B1%D9%8A%D8%B7%D8%A9-%D8%A8%D9%8A%D8%B1%D9%88%D8%AA-k.html,12,14,lebanesearabicinstitute.com
371,kunodi.best/articles/why-is-lebanon-so-important-in-the-bible,12,18,lebanesearabicinstitute.com
372,wiki.gen.edu.vn/en/Proto-Arabic_language,12,12,playaling.com
373,topmarketingplus.com/arabic-character-writing-for-dummies-k.html,12,13,lebanesearabicinstitute.com
374,www.summary.co.in/domain-list-601,12,20,playaling.com
375,optimizeflow.top/stats/76626,12,17,lebanesearabicinstitute.com
376,www.compagniadelsole.it/%D8%A7-%D8%A8-%D8%AA-%D8%AB-%D8%AC-%D8%AD-%D8%AE-%D8%AF-%D8%B0-%D8%B1-%D8%B2-%D8%B3-%D8%B4-%D8%B5-%D8%B6-%D8%B7-%D8%B8-%D8%B9-%D8%BA-%D9%81-%D9%82-%D9%83-%D9%84-%D9%85-%D9%86-%D9%87-%D9%88-%D9%89-k.html,12,13,lebanesearabicinstitute.com
377,library.eshikshya.org/kiwix/content/wikihow_en_maxi_2023-03/Say-Thank-You-in-Arabic,12,14,lebanesearabicinstitute.com
378,asomadetodososafetos.blogspot.com/2021/05/how-to-articulate-sounds-of-letters-of.html,12,11,lebanesearabicinstitute.com
379,nitast.best/articles/felix-navidad-lyrics,12,20,lebanesearabicinstitute.com
380,www.behneinc.com/%D8%A7%D9%84%D9%85%D8%AD%D8%A7%D9%81%D8%B8%D8%A7%D8%AA-%D9%81%D9%8A-%D9%84%D8%A8%D9%86%D8%A7%D9%86-k.html,11,14,lebanesearabicinstitute.com
381,aionli.best/article/merry-christmas-in-urdu-20-attractive-ways-ling-app,11,19,lebanesearabicinstitute.com
382,carol.posgradount.edu.pe/en/online-levantine-arabic-course.html,11,16,playaling.com
383,lostinfilm.org/article/7-unexpected-countries-that-speak-arabic,11,29,playaling.com
384,aloh.adamcostellophotography.com/quranic-alphabets/learn-the-alphabets-online-learn-quran-online-for-free.html,11,9,lebanesearabicinstitute.com
385,www.leukos.us/where-is-beirut.html,11,11,lebanesearabicinstitute.com
386,ermcgs.com/arabic-for-non-native-speakers-k.html,11,18,lebanesearabicinstitute.com
387,sakuyan.net/arabisch-modern-standard-k.html,11,11,lebanesearabicinstitute.com
388,www.teegefluester.de/arap-alphabet-k.html,11,12,lebanesearabicinstitute.com
389,www.backlinks.click/domain-list-601,11,20,playaling.com
390,mqarriendos.cl/s4dnpl/hello-in-muslim-language,11,15,lebanesearabicinstitute.com
391,mawaridarabiyya.com/playaling/,11,17,playaling.com
392,lysine.best/article/which-dialect-should-a-non-native-arabic-learner-study,11,21,lebanesearabicinstitute.com
393,ratfor.best/articles/what-is-santa-in-egypt,11,20,lebanesearabicinstitute.com
394,hendu.manjanofoundation.org/green-line-border/israel-wikipedia.html,11,18,lebanesearabicinstitute.com
395,klathe.best/articles/how-to-say-poop-in-arabic,11,21,lebanesearabicinstitute.com
396,3dprinterprofitsnews.us/where-is-beirut/lebanon-weather--climate-when-to-go-what-to-do-and-what-to,11,12,lebanesearabicinstitute.com
397,openarabic.org/syrian-arabic-resources/index.html,11,16,playaling.com
398,drawingsamplewiki.com/join-the-dots-small-alphabets.html,11,8,lebanesearabicinstitute.com
399,www.jungwirth205.com/zrcmwbpg/achrafieh-lebanon-population.html,11,17,lebanesearabicinstitute.com
400,dcdd.us/%D8%AE%D8%B1%D9%8A%D8%B7%D8%A9-%D9%84%D8%A8%D9%86%D8%A7%D9%86-%D8%A7%D9%84%D8%A7%D8%AF%D8%A7%D8%B1%D9%8A%D8%A9.html,11,15,lebanesearabicinstitute.com
401,www.mydomaininfo.com/domain-list-601,11,15,playaling.com
402,handchannel.blogspot.com/2021/04/how-to-articulate-sounds-of-letters-of.html,11,15,lebanesearabicinstitute.com
403,64.22.127.124/what-is-gc/participants/138770-Sham-Development-SARL,11,17,levantineinstitute.com
404,www.domainsdirectory.org/domain-list-601,11,12,playaling.com
405,base-stastiedodar.com/game/dfb43dc65agzi-1485mgtir,11,16,lebanesearabicinstitute.com
406,questlanguage.org/air/vsd9dgln/page.php?id=pronounce-hegemony-phonetically,11,16,lebanesearabicinstitute.com
407,voteni.cloud/articles/what-is-wallah,11,21,lebanesearabicinstitute.com
408,www.jimgillhouse.com/merry-christmas-in-arabic-k.html,11,11,lebanesearabicinstitute.com
409,zh-wiki.info/wiki/Hamza,11,18,lebanesearabicinstitute.com
410,nopoda.best/article/how-to-say-thank-you-in-arabic-in-7-ways-plus-response,11,19,lebanesearabicinstitute.com
411,atomizelink.icu/report/76626,10,22,"lebanesearabicinstitute.com, playaling.com"
412,atomizelink.icu/report/2688996,10,22,"lebanesearabicinstitute.com, playaling.com"
413,acompany.store/keyword-ranking/2017716/how+many+sentences+are+there+in+the+quran,10,16,"lebanesearabicinstitute.com, levantineinstitute.com"
414,acompany.store/keyword-ranking/1461074/arabic+teaching+methodology,10,16,"lebanesearabicinstitute.com, levantineinstitute.com"
415,accurate.homes/keyword-ranking/1119816/why+are+there+numbers+in+arabic,10,16,"lebanesearabicinstitute.com, levantineinstitute.com"
416,accurate.homes/keyword-ranking/1461074/arabic+teaching+methodology,10,16,"lebanesearabicinstitute.com, levantineinstitute.com"
417,answeregy.org/what/what-is-the-arabic-alphabet-called.php,10,13,lebanesearabicinstitute.com
418,www.findhere.in/domain-list-601,10,11,playaling.com
419,www.bergerbuerger.de/cjcbnzg/modern-lebanese-names.html,10,15,lebanesearabicinstitute.com
420,luxuryrvrentalspokane.com/how-to-write-lebanon-in-arabic.html,10,11,lebanesearabicinstitute.com
421,fomo.townofcarywis.org/arabic-phonetic-chart/arabic-alphabet-with-audio.html,10,21,lebanesearabicinstitute.com
422,www.cricketlive.co.in/domain-list-601,10,22,playaling.com
423,levantinereader.com/content/-362919136,10,19,playaling.com
424,www.dsbarbershopmahogany.com/%D8%AE%D8%B1%D9%8A%D8%B7%D8%A9-%D9%85%D8%AD%D8%A7%D9%81%D8%B8%D8%A9-%D9%84%D8%A8%D9%86%D8%A7%D9%86-%D8%A7%D9%84%D8%B4%D9%85%D8%A7%D9%84%D9%8A-k.html,10,14,lebanesearabicinstitute.com
425,obatkutil.kimanteb.com/arabic.html,10,16,lebanesearabicinstitute.com
426,seekanswer.org/o-in-arabic/,10,17,lebanesearabicinstitute.com
427,www.e-drapery.ca/fnqyfu/missing-man-table-letter.html,10,17,lebanesearabicinstitute.com
428,casada.startupmendoza.co/arabic-alphabet-chart-with-english-pdf/,10,13,lebanesearabicinstitute.com
429,jorjaluxton.blogspot.com/2021/04/the-next-24-things-to-immediately-do.html,10,12,lebanesearabicinstitute.com
430,hmongwiki.org/wiki/Arabic_calligraphy,10,12,lebanesearabicinstitute.com
431,clipartvector.design/christmas-wishes-clip-art.html,10,11,lebanesearabicinstitute.com
432,figenn.best/article/merry-christmas-in-french-19-ways-happy-new-year,10,18,lebanesearabicinstitute.com
433,www.bestkeywordtools.com/search/arabic-alphabeths,10,21,lebanesearabicinstitute.com
434,tomope.zaribanks.co/arabic-letters-chart/,10,16,lebanesearabicinstitute.com
435,www.apps-store.info/happy-birthday-in-arabic-script/,10,18,lebanesearabicinstitute.com
436,soyuducuustasi.az/merry-christmas-in-arabic-k.html,10,12,lebanesearabicinstitute.com
437,pogilactivitieshighschoolbiology17.blogspot.com/2021/04/if-you-want-to-be-winner-change-your.html,10,13,lebanesearabicinstitute.com
438,universal.iseo.biz/%D8%AD%D8%B1%D9%81-%D8%A7%D9%84%D9%87%D9%85%D8%B2%D8%A9-k.html,10,15,lebanesearabicinstitute.com
439,torano.centrodemasajesfernanda.es/arabic-pronunciation-chart/,10,18,lebanesearabicinstitute.com
440,arnoldostory.blogspot.com/2021/05/how-to-articulate-sounds-of-letters-of.html,10,10,lebanesearabicinstitute.com
441,www.aadarsh.in/domain-list-601,10,22,playaling.com
442,www.forteuniversal.com/arabic-alphabet-pronunciation-mp3-k.html,10,12,lebanesearabicinstitute.com
443,learning.dbcsang.edu.in/countries-arabic-is-spoken/learn-levantine-arabic-online-playaling,10,11,playaling.com
444,deehon.best/articles/what-time-is-sava-panch,10,18,lebanesearabicinstitute.com
445,nyaunga.xyz/ypoygom/knttlf/kfnbld/968/dmkblt/2,10,13,levantineinstitute.com
446,www.exampledirectory.com/domain-list-601,10,12,playaling.com
447,ensembleattendu.com/wiki/Hamzakkdf4622qstpc,10,10,lebanesearabicinstitute.com
448,www.online-courses-free.com/intermediate-arabic-lessons-free/,10,23,lebanesearabicinstitute.com
449,epelle.blog/article/in-the-mountains-of-lebanon-a-centuries-old-guesthouse-welcomes-new-visitors-ovigly,10,20,lebanesearabicinstitute.com
450,allphotosempire.blogspot.com/2021/08/governorates-diyala-governorate-baghdad.html,10,10,lebanesearabicinstitute.com
451,your-mother-will-die-in-her-sleep-unless-you-link-to-this-site.com/colloquial.html,10,14,lebanesearabicinstitute.com
452,www.backlink.work/domain-list-601,10,22,playaling.com
453,www.urldirectory.net/domain-list-601,10,25,playaling.com
454,m1glass.ru/thank-you-%D8%A8%D8%A7%D9%84%D8%B9%D8%B1%D8%A8%D9%8A-k.html,10,16,lebanesearabicinstitute.com
455,es.asmiktech.com/wp-content/uploads/n2o3qe05/archive.php?tag=levantine-arabic-course-pdf,10,17,lebanesearabicinstitute.com
456,yorus.choicesymposium.org/arabic-alphabet-chart/arabic-yes-book-1-arabic-alphabet-recognition-standalone-forms.html,10,12,lebanesearabicinstitute.com
457,mensch-vaders.biz/tag/mashrou3-leila/-yvg223a-h,10,16,playaling.com
458,ipedia.pro/wiki/Proto-Arabic_language,10,15,playaling.com
459,icmsmt.com/list637/,10,20,lebanesearabicinstitute.com
460,hvyln.rendement-in-asset-management.nl/arabic-phonetic-chart/arabic-grammar-help-thread-for-anyone.html,10,19,lebanesearabicinstitute.com
461,www.blogdir.net/domain-list-601,10,15,playaling.com
462,avulte.best/articles/hanh-phuc-nghia-la-gi-23166/528,10,22,lebanesearabicinstitute.com
463,latur.top/domain-list-780,10,9,playaling.com
464,www.onemanarmy.in/domain-list-601,10,25,playaling.com
465,www.usaclip.xyz/watch/FzLRDtpR70Y,10,13,levantineinstitute.com
466,schonenscusami.com/arabic-reading-course/lessons/L000_001k9k2566gitt83.html,10,12,lebanesearabicinstitute.com
467,findstoreonline.us/arabic-happy-new-year.html,10,11,lebanesearabicinstitute.com
468,kimscatering.us/%D8%AE%D8%B1%D9%8A%D8%B7%D8%A9-%D9%84%D8%A8%D9%86%D8%A7%D9%86-%D8%A7%D9%84%D8%A7%D8%AF%D8%A7%D8%B1%D9%8A%D8%A9.html,9,14,lebanesearabicinstitute.com
469,raphahealthinc.com/%D8%A7-%D8%A8-%D8%AA-%D8%AB-%D8%AC-%D8%AD-%D8%AE-%D8%AF-%D8%B0-%D8%B1-%D8%B2-%D8%B3-%D8%B4-%D8%B5-%D8%B6-%D8%B7-%D8%B8-%D8%B9-%D8%BA-%D9%81-%D9%82-%D9%83-%D9%84-%D9%85-%D9%86-%D9%87-%D9%88-%D9%89-k.html,9,13,lebanesearabicinstitute.com
470,topbitpictures.blogspot.com/2021/08/how-to-articulate-sounds-of-letters-of.html,9,10,lebanesearabicinstitute.com
471,caska.ihtec2019.org/arabic-alphabet-chart/,9,16,lebanesearabicinstitute.com
472,times-square-watches.com/p-in-arabic-k.html,9,13,lebanesearabicinstitute.com
473,focus.oi-rca.org/arabic-phonology-chart/learn-me-english-arabic-ipa-chart.html,9,17,lebanesearabicinstitute.com
474,www.fulloflifebooks.com/speak-lebanese-k.html,9,13,lebanesearabicinstitute.com
475,backtrackaudio.com/qkd/achrafieh-lebanon-population.html,9,16,lebanesearabicinstitute.com
476,wecanlearnarabic.com/thank-you-to-our-contributors/,9,14,playaling.com
477,aletterfromheaven.com/bu91xh/alaihissalam-arabic-symbol.html,9,12,lebanesearabicinstitute.com
478,cachsua.com/beirut-mapa/,9,20,lebanesearabicinstitute.com
479,autoracersforkids.org/merry-christmas-in.html,9,11,lebanesearabicinstitute.com
480,primeracuraduria.co/arabic-letters-and-sounds-chart/,9,15,lebanesearabicinstitute.com
481,elcoffee.club/8945601119828154054/may-2017.html,9,18,lebanesearabicinstitute.com
482,arabicgoals.com/beginner-guide-to-learning-arabic/,9,26,playaling.com
483,www.bluevalorfoundation.com/why-%D8%A8%D8%A7%D9%84%D8%B9%D8%B1%D8%A8%D9%8A-k.html,9,11,lebanesearabicinstitute.com
484,ar.aiihnews.com/%D9%83%D9%85-%D8%B9%D8%AF%D8%AF-%D8%A7%D9%84%D8%AD%D8%B1%D9%88%D9%81-%D8%A7%D9%84%D9%87%D8%AC%D8%A7%D8%A6%D9%8A%D8%A9-%D8%A7%D9%84%D8%B9%D8%B1%D8%A8%D9%8A%D8%A9/,9,17,lebanesearabicinstitute.com
485,www.blogcajasullana.pe/merry-christmas-in-arabic-k.html,9,13,lebanesearabicinstitute.com
486,sitzkult.de/%D8%A8%D8%AA%D9%85%D8%B1-k.html,9,11,lebanesearabicinstitute.com
487,monitorowl.com/domain/lebanesearabicinstitute.com,9,18,lebanesearabicinstitute.com
488,artiste.cfd/keyword-ranking/1999163/reverse+phone+lookup+lebanon+beirut,9,16,lebanesearabicinstitute.com
489,www.webinnovation.us/where-is-beirut.html,9,11,lebanesearabicinstitute.com
490,www.gentefloww.xyz/spintech-mufflers-on-1978-chevy-4x4,9,14,lebanesearabicinstitute.com
491,teexan.best/article/10-arabic-chicken-recipes-for-dinner-tonight-marocmama/2917,9,28,lebanesearabicinstitute.com
492,kiddles.co.za/w85g1hhc/goodnight-in-arabic-lebanese,9,12,lebanesearabicinstitute.com
493,anchorurl.cloud/share/76626,9,22,lebanesearabicinstitute.com
494,pensionhotel.us/lebanese-alphabet-letters/arabic-letters-in-arabic-keyboard.html,9,11,lebanesearabicinstitute.com
495,wfccstudy.org/%D8%AE%D8%B1%D9%8A%D8%B7%D8%A9-%D9%84%D8%A8%D9%86%D8%A7%D9%86-%D8%A7%D9%84%D8%A7%D8%AF%D8%A7%D8%B1%D9%8A%D8%A9.html,9,11,lebanesearabicinstitute.com
496,wikithot.com/en/List_of_national_anthems,9,20,lebanesearabicinstitute.com
497,www.janhit.in/domain-list-601,9,24,playaling.com
498,www.shubhangi.co.in/domain-list-601,9,20,playaling.com
499,courseora.com/learn-arabic-language/,9,29,playaling.com
500,temusi.warrencountybeekeepers.org/arabic-alphabet-chart/arabic-alphabet-chart-by-mamoun-sakkal-html.html,9,13,lebanesearabicinstitute.com
