Page,Update Date,Period,Clicks,Impressions
/lesson27,2025-09-22,Before,2,20
/lesson27,2025-09-22,After,2,43
/lesson28,2025-10-04,Before,0,0
/lesson28,2025-10-04,After,0,7
/lesson29,2025-10-04,Before,0,0
/lesson29,2025-10-04,After,1,38
/lesson31,2025-10-08,Before,0,20
/lesson31,2025-10-08,After,0,56
/lesson32,2025-10-08,Before,0,3
/lesson32,2025-10-08,After,0,21
/lesson33,2025-10-08,Before,1,65
/lesson33,2025-10-08,After,1,132
/lesson34,2025-10-08,Before,0,4
/lesson34,2025-10-08,After,0,5
/lesson35,2025-10-08,Before,0,10
/lesson35,2025-10-08,After,0,6
/lesson36,2025-10-08,Before,0,4
/lesson36,2025-10-08,After,0,5
/lebanesedesserts/,2025-10-08,Before,0,41
/lebanesedesserts/,2025-10-08,After,4,200
