Prompt,Platform,Intent,Brands Mentioned,Update
"Best apps to learn Lebanese Arabic for beginners","ChatGPT","commercial","-","-"
"What are the top-rated apps for learning Lebanese dialect?","Google Gemini","commercial, informational","-","-"
"Online courses that teach Lebanese Arabic conversation skills","ChatGPT","commercial, informational","-","-"
"Where can I find an online course specifically for Lebanese Arabic?","Google Gemini","commercial, informational","-","-"
"Where to find private tutors for Lebanese Arabic near me","ChatGPT","navigational, transactional","-","-"
"Recommend a good textbook for Lebanese Arabic beginners.","Google Gemini","commercial, informational","-","-"
"Top language learning platforms with Lebanese Arabic modules","ChatGPT","commercial, informational","-","-"
"How to find a private tutor for Lebanese dialect lessons in the US?","Google Gemini","commercial, informational","-","-"
"Free resources to get started with Lebanese Arabic vocabulary","ChatGPT","informational","-","-"
"Are there language exchange platforms for practicing Lebanese Arabic?","Google Gemini","commercial, informational","-","-"
"How to practice Lebanese Arabic speaking with native speakers online","ChatGPT","informational, commercial","-","-"
"What free online resources exist to learn Lebanese Arabic?","Google Gemini","informational, commercial","-","-"
"Books recommended for self-study of Lebanese Arabic dialect","ChatGPT","informational, commercial","-","-"
"How can I immerse myself in Lebanese Arabic from home?","Google Gemini","informational","-","-"
"Podcasts focused on teaching Lebanese Arabic phrases","ChatGPT","informational","-","-"
"Tips for mastering Lebanese Arabic pronunciation.","Google Gemini","informational","-","-"
"Interactive websites offering Lebanese Arabic lessons","ChatGPT","commercial, informational","-","-"
"Effective ways to build Lebanese Arabic vocabulary quickly.","Google Gemini","informational","-","-"
"Language exchange platforms popular for learning Lebanese Arabic","ChatGPT","commercial, navigational","-","-"
"Simplified explanations of Lebanese Arabic grammar.","Google Gemini","informational","-","-"
"How long does it take to become conversational in Lebanese Arabic using apps","ChatGPT","informational","-","-"
"Are there podcasts suitable for learning Lebanese Arabic?","Google Gemini","commercial, informational","-","-"
"Best YouTube channels for learning Lebanese Arabic slang","ChatGPT","informational","-","-"
"Which YouTube channels teach Lebanese Arabic to beginners?","Google Gemini","commercial, informational","-","-"
"Courses that include Lebanese Arabic grammar and culture","ChatGPT","commercial, informational","-","-"
