No,Keyword,Search Volume,CPC,Paid Difficulty,Search Intent,Search Difficulty
1,lebanese arabic,1300,$14.45,4,"informational, commercial",57
2,lebanese language,3600,$4.25,1,informational,36
3,learn lebanese arabic,320,$5.83,66,"commercial, transactional",35
4,is lebanese arabic,1300,$0,1,informational,34
5,lebanese arabic learn,880,$11.23,53,"transactional, commercial",34
6,lebanese language translator,390,$2.59,10,"commercial, navigational",16
7,are lebanese arabic,320,$0,1,informational,53
8,learn lebanese language,320,$5.83,66,"informational, navigational, commercial",19
9,lebanese arabic translator,260,$4.08,5,,15
10,english to lebanese arabic,210,$5.15,2,"commercial, navigational",25
11,lebanese arabic lessons,210,$8.55,53,,29
12,lebanese arabic words,140,$1.09,4,"informational, commercial",19
13,lebanese arabic swear words,140,$0,1,"commercial, transactional, informational",20
14,lebanese arabic newspapers,110,$0,1,"commercial, navigational",36
15,lebanese arabic dictionary,90,$0,1,"navigational, transactional, commercial",22
16,lebanese arabic news,90,$0,1,"informational, navigational",70
17,thank you in lebanese arabic,70,$0,1,"informational, commercial",22
18,lebanese arabic books,70,$1.21,90,transactional,21
19,lebanese arabic to english,70,$2.85,5,"commercial, navigational, informational",25
20,i love you in lebanese arabic,70,$0,1,"informational, commercial",29
21,how to learn lebanese arabic,70,$6.27,56,"commercial, transactional, informational",26
22,learn lebanese arabic app,50,$4.11,72,"commercial, transactional",23
23,lebanese arabic institute,50,$81.29,8,"navigational, commercial",31
24,cheers in lebanese arabic,50,$0,1,informational,23
25,lebanese arabic translation to english,50,$3.15,7,"navigational, commercial",22
26,happy birthday in lebanese arabic,50,$0,1,informational,32
27,translate from english to lebanese arabic,50,$0,5,"navigational, commercial",34
28,hello in lebanese arabic,50,$0,1,informational,30
29,good morning in lebanese arabic,40,$0,1,informational,27
30,lebanese arabic language course,40,$0,1,,5
31,lebanese language course,40,$16.81,47,"commercial, informational",22
32,goodnight in lebanese arabic,40,$0,1,,5
33,grandma in lebanese arabic,30,$0,1,"commercial, informational",21
34,google translate english to lebanese arabic,30,$1.14,18,"navigational, commercial",38
35,lebanese arabic classes,30,$7.56,36,"navigational, informational, commercial",14
36,lebanese arabic course,30,$6.21,50,"commercial, navigational",19
37,english to lebanese arabic translation,30,$3.25,16,"commercial, navigational",32
38,lebanese arabic dialect,30,$0,5,informational,35
39,lebanese arabic book,30,$0.65,82,transactional,14
40,learning lebanese arabic,30,$12.38,55,"commercial, transactional",24
41,lebanese language to english,30,$2.92,14,"navigational, informational",19
42,how are you in lebanese arabic,30,$0,1,informational,25
43,lebanese arabic alphabet,30,$0.05,87,"transactional, informational, commercial",24
44,i miss you in lebanese arabic,30,$0,1,informational,29
45,lebanese arabic with hiba,20,$0,4,,7
46,lebanese arabic 101,20,$0,1,"transactional, commercial",13
47,is there a lebanese language,20,$0,1,,5
48,lebanese arabic tutor,20,$27.38,73,,35
49,lebanese arabic sweets names,20,$0,3,,6
50,lebanese arabic food,20,$0,1,,13
51,how to say hello in lebanese arabic,20,$0,1,,5
52,lebanese arabic app,20,$0,26,,21
53,translate to lebanese arabic,20,$1.57,13,,9
54,lebanese arabic textbook,20,$0,51,,29
55,lebanese arabic songs,20,$0,1,,13
56,best way to learn lebanese arabic,10,$5.92,74,,28
57,lebanese arabic online course,10,$0,21,,12
58,lebanese arabic series,10,$0,1,,13
59,lebanese language institute,10,$0,1,,13
60,how are you in lebanese language,10,$0,1,,5
61,american lebanese language center zahle,10,$0,1,,5
62,lebanese language app,10,$0,50,,29
63,what in lebanese arabic,10,$0,1,,5
64,lebanese arabic numbers,10,$0,1,,13
65,lebanese arabic music,10,$0,1,,13
66,how are you lebanese arabic,10,$0,1,,5
67,lebanese language origin,10,$0,1,,13
68,what is aerie in lebanese language,10,$0,1,,5
69,lebanese arabic classes sydney,10,$0,1,,5
70,lebanese language classes,10,$0,1,,13
71,where to learn lebanese arabic,10,$2.85,77,,29
72,learn lebanese arabic online free,10,$5.72,53,,21
73,why in lebanese arabic,10,$0,1,,5
74,lebanese arabic breakfast,10,$0,1,,13
75,lebanese arabic quotes,10,$0,1,,13
76,lebanese arabic phrasebook,10,$0,28,,22
77,lebanese arabic sweets,10,$0,1,,13
78,lebanese arabic from scratch pdf,10,$0,1,,5
79,lebanese arabic podcasts,10,$0,5,,15
80,lebanese arabic translator app,10,$0,1,,5
81,lebanese arabic singers,10,$0,1,,13
82,lebanese arabic bread,10,$0,100,,44
83,learn lebanese arabic for beginners,10,$0,1,,5
84,lebanese language words,10,$0,1,,13
85,how to speak lebanese arabic,10,$1.39,24,,13
86,lebanese arabic greetings,10,$0,1,,13
87,best app to learn lebanese arabic,10,$6.42,36,,16
88,lebanese arabic dialect name,0,$0,1,,4
89,lebanese arabic lessons london,0,$0,1,,4
90,lebanese arabic bread calories,0,$0,1,,4
91,lebanese arabic basics,0,$0,1,,12
92,lebanese arabic vs arabic,0,$0,1,,4
93,lebanese arabic english dictionary,0,$0,1,,4
94,lebanese arabic classes nyc,0,$0,1,,4
95,lebanese arabic tv shows,0,$0,1,,4
96,lebanese arabic last names,0,$0,1,,4
97,lebanese arabic yes,0,$0,1,,12
98,lebanese language learning,0,$0,1,,12
99,lebanese arabic ai translator,0,$0,1,,4
100,lebanese language reddit,0,$0,1,,12
101,lebanese arabic wedding songs,0,$0,1,,4
102,lebanese arabic dialect translator,0,$0,1,,4
103,moroccan arabic vs lebanese arabic,0,$0,1,,4
104,lebanese arabic alphabet pronunciation,0,$0,1,,4
105,lebanese arabic for grandpa,0,$0,1,,4
106,no problem in lebanese arabic,0,$0,1,,4
107,what time in lebanese arabic,0,$0,1,,4
108,lebanese arabic people,0,$0,1,,12
109,lebanese arabic grandma,0,$0,1,,12
110,lebanese arabic meme,0,$0,1,,12
111,lebanese arabic letters,0,$0,1,,12
112,lebanese arabic phrasebook vol 1,0,$0,1,,4
113,lebanese arabic common phrases,0,$0,1,,4
114,lebanese arabic compliments,0,$0,1,,12
115,lebanese arabic script,0,$0,1,,12
116,lebanese arabic fonts,0,$0,1,,12
117,lebanese arabic keyboard,0,$0,1,,12
118,lebanese arabic meaning,0,$0,1,,12
119,lebanese language written,0,$0,1,,12
120,lebanese arabic habibi,0,$0,1,,12
121,are in lebanese arabic,0,$0,1,,4
122,lebanese arabic learning resources,0,$0,1,,4
123,lebanese arabic word for grandpa,0,$0,1,,4
124,who are you in lebanese arabic,0,$0,1,,4
125,lebanese arabic classes dubai,0,$0,1,,4
126,lebanese arabic teacher online,0,$0,1,,4
127,lebanese arabic wikipedia,0,$0,1,,12
128,jordanian vs lebanese arabic,0,$0,1,,4
129,best lebanese arabic courses,0,$0,1,,4
130,lebanese arabic love,0,$0,1,,12
131,can i have in lebanese arabic,0,$0,1,,4
132,lebanese arabic workbook,0,$0,1,,12
133,lebanese arabic classes online,0,$0,1,,4
134,learn levantine lebanese arabic with angela,0,$0,1,,4
135,lebanese arabic restaurant near me,0,$0,1,,4
136,lebanese language is called,0,$0,1,,4
137,lebanese language translator google translate,0,$0,1,,4
138,lebanese language guy,0,$0,1,,12
139,lebanese language aerie,0,$0,1,,12
140,lebanese language is,0,$0,1,,12
141,lebanese arabic lessons free,0,$0,1,,4
142,does lebanese arabic have french,0,$0,1,,4
143,how to learn lebanese arabic for free,0,$0,1,,4
144,how is lebanese arabic different,0,$0,1,,4
145,lebanese arabic to english dictionary,0,$0,1,,4
146,lebanese arabic memrise,0,$0,1,,12
147,learn lebanese arabic for kids,0,$0,1,,4
148,lebanese arabic vowels,0,$0,1,,12
149,lebanese arabic in english,0,$0,1,,4
150,lebanese arabic dictionary pdf,0,$0,1,,4
151,lebanese arabic conjugation,0,$0,1,,12
152,best way to learn lebanese arabic reddit,0,$0,1,,4
153,lebanese arabic dance,0,$0,1,,12
154,lebanese arabic food near me,0,$0,1,,4
155,learn lebanese arabic for free,0,$0,1,,4
156,is lebanese arabic language,0,$0,1,,4
157,lebanese arabic slurs,0,$0,1,,12
158,lebanese arabic for beautiful,0,$0,1,,4
159,can you in lebanese arabic,0,$0,1,,4
160,palestinian arabic vs lebanese arabic,0,$0,1,,4
161,with in lebanese arabic,0,$0,1,,4
162,lebanese arabic hello,0,$0,1,,12
163,lebanese arabic youtube,0,$0,1,,12
164,what is beautiful in lebanese arabic,0,$0,1,,4
165,lebanese arabic lessons sydney,0,$0,1,,4
166,lebanese arabic dialogue,0,$0,1,,12
167,is lebanese arabic food,0,$0,1,,4
168,lebanese arabic pdf,0,$0,1,,12
169,lebanese arabic vs syrian arabic,0,$0,1,,4
170,lebanese arabic accelerator,0,$0,1,,12
171,lebanese arabic ai,0,$0,1,,12
172,lebanese arabic kids shows,0,$0,1,,4
173,lebanese language spoken,0,$0,1,,12
174,lebanese language basics,0,$0,1,,12
175,lebanese arabic dataset,0,$0,1,,12
176,is lebanese arabic country,0,$0,1,,4
177,lebanese arabic ipa,0,$0,1,,12
178,to leave in lebanese arabic,0,$0,1,,4
179,lebanese arabic sentences,0,$0,1,,12
180,lebanese arabic worksheets,0,$0,1,,12
181,is lebanese arabic close to msa,0,$0,1,,4
182,lebanese arabic and french,0,$0,1,,4
183,lebanese arabic sentence,0,$0,1,,12
184,how do you say thank you in lebanese arabic,0,$0,1,,4
185,lebanese arabic cuss words,0,$0,1,,4
186,lebanese arabic goodnight,0,$0,1,,12
187,lebanese arabic dishes,0,$0,1,,12
188,lebanese arabic bible,0,$0,1,,12
189,lebanese arabic vs palestinian arabic,0,$0,1,,4
190,yesterday lebanese arabic,0,$0,1,,12
191,best app for learning lebanese arabic,0,$0,1,,4
192,lebanese arabic phrases pdf,0,$0,1,,4
193,moon in lebanese arabic,0,$0,1,,4
194,text in lebanese arabic,0,$0,1,,4
195,lebanese arabic map,0,$0,1,,12
196,lebanese arabic from scratch pdf free download,0,$0,1,,4
197,what's up in lebanese arabic,0,$0,1,,4
198,lebanese arabic langfocus,0,$0,1,,12
199,lebanese arabic shows on netflix,0,$0,1,,4
200,lebanese arabic stories,0,$0,1,,12
201,lebanese arabic online,0,$0,1,,12
202,lebanese arabic coffee cups,0,$0,1,,4
203,lebanese arabic dardashi,0,$0,1,,12
204,lebanese arabic family,0,$0,1,,12
205,lebanese arabic surnames,0,$0,1,,12
206,lebanese arabic grandpa,0,$0,1,,12
207,lebanese arabic pronunciation,0,$0,1,,12
208,lebanese arabic animals,0,$0,1,,12
209,judeo lebanese arabic,0,$0,1,,12
210,lebanese arabic french,0,$0,1,,12
211,lebanese arabic word for grandmother,0,$0,1,,4
212,why is lebanese arabic different,0,$0,1,,4
213,yes lebanese arabic,0,$0,1,,12
214,restaurant in lebanese arabic,0,$0,1,,4
215,lebanese arabic versus egyptian arabic,0,$0,1,,4
216,lebanese language history,0,$0,1,,12
217,lebanese language pronunciation,0,$0,1,,12
218,lebanese arabic vs saudi arabia,0,$0,1,,4
219,lebanese arabic course free,0,$0,1,,4
220,lebanese arabic school sydney,0,$0,1,,4
221,bread in lebanese arabic,0,$0,1,,4
222,in lebanese arabic,0,$0,1,,12
223,how to say what's up in lebanese arabic,0,$0,1,,4
224,lebanese arabic coffee,0,$0,1,,12
225,lebanese arabic i miss you,0,$0,1,,4
226,lebanese arabic months of the year,0,$0,1,,4
227,lebanese arabic cartoons,0,$0,1,,12
228,lebanese arabic flag,0,$0,1,,12
229,lebanese arabic flashcards,0,$0,1,,12
230,lebanese arabic text to speech,0,$0,1,,4
231,how to say no problem in lebanese arabic,0,$0,1,,4
232,gift in lebanese arabic,0,$0,1,,4
233,is lebanese language,0,$0,1,,12
234,is lebanese arabic a dialect,0,$0,1,,4
235,lebanese language pdf,0,$0,1,,12
236,what is lebanese language called,0,$0,1,,4
237,lebanese arabic generator,0,$0,1,,12
238,lebanese arabic classes montreal,0,$0,1,,4
239,lebanese arabic school london,0,$0,1,,4
240,how many people speak lebanese arabic,0,$0,1,,4
241,what is orange in lebanese arabic,0,$0,1,,4
242,kissimmee lebanese arabic,0,$0,1,,12
243,yalla lebanese arabic,0,$0,1,,12
244,app for lebanese arabic,0,$0,1,,4
245,lebanese arabic happy birthday,0,$0,1,,4
246,lebanese arabic for grandfather,0,$0,1,,4
247,lebanese arabic phonology,0,$0,1,,12
248,lebanese arabic shows,0,$0,1,,12
249,lebanese arabic textbook pdf,0,$0,1,,4
250,lebanese arabic learn free,0,$0,1,,4
251,is lebanese arabic hard,0,$0,1,,4
252,lebanese arabic free,0,$0,1,,12
253,lebanese arabic guide,0,$0,1,,12
254,lebanese arabic resources,0,$0,1,,12
255,lebanese arabic language learning,0,$0,1,,4
256,levantine lebanese arabic,0,$0,1,,12
257,who in lebanese arabic,0,$0,1,,4
258,lebanese arabic interview,0,$0,1,,12
259,can i get in lebanese arabic,0,$0,1,,4
260,lebanese arabic bread recipe,0,$0,1,,4
261,lebanese arabic grammar pdf,0,$0,1,,4
262,where are you lebanese arabic,0,$0,1,,4
263,lebanese arabic months,0,$0,1,,12
264,lebanese arabic thank you,0,$0,1,,4
265,lebanese arabic for kids,0,$0,1,,4
266,lebanese arabic phrasebook vol 1 pdf,0,$0,1,,4
267,lebanese arabic bad words,0,$0,1,,4
268,lebanese arabic differences,0,$0,1,,12
269,lebanese arabic university,0,$0,1,,12
270,lebanese arabic names for boys,0,$0,1,,4
271,how to speak better lebanese arabic,0,$0,1,,4
272,roof in lebanese arabic,0,$0,1,,4
273,lebanese language hello,0,$0,1,,12
274,lebanese arabic levantine,0,$0,1,,12
275,lebanese language country,0,$0,1,,12
276,lebanese language learning app,0,$0,1,,4
277,lebanese arabic writing,0,$0,1,,12
278,lebanese language book,0,$0,1,,12
279,lebanese language writing,0,$0,1,,12
280,how to say i love you in lebanese arabic,0,$0,1,,4
281,is lebanese arabic eastern,0,$0,1,,4
282,is lebanese arabic similar to syrian,0,$0,1,,4
283,learn lebanese arabic youtube,0,$0,1,,4
284,lebanese arabic spoken,0,$0,1,,12
285,lebanese arabic duolingo,0,$0,1,,12
286,lebanese arabic how are you,0,$0,1,,4
287,lebanese arabic verb conjugation,0,$0,1,,4
288,quizlet lebanese arabic,0,$0,1,,12
289,lebanese arabic terms of endearment,0,$0,1,,4
290,lebanese arabic teacher dubai,0,$0,1,,4
291,lebanese arabic institute reviews,0,$0,1,,4
292,lebanese arabic handwriting,0,$0,1,,12
293,lebanese language family,0,$0,1,,12
294,lebanese arabic videos,0,$0,1,,12
295,to learn in lebanese arabic,0,$0,1,,4
296,what is grandma in lebanese arabic,0,$0,1,,4
297,is lebanese arabic influenced by french,0,$0,1,,4
298,lebanese arabic to english translation google,0,$0,1,,4
299,lebanese arabic speaking,0,$0,1,,12
300,how to say in lebanese arabic,0,$0,1,,4
301,conversation in lebanese arabic,0,$0,1,,4
302,lebanese arabic feminine,0,$0,1,,12
303,lebanese arabic names for girls,0,$0,1,,4
304,can in lebanese arabic,0,$0,1,,4
305,food in lebanese arabic,0,$0,1,,4
306,lebanese arabic for grandmother,0,$0,1,,4
307,lebanese arabic phrasebook pdf free download,0,$0,1,,4
308,job in lebanese arabic,0,$0,1,,4
309,lebanese language tutor,0,$0,1,,12
310,lebanese arabic male names,0,$0,1,,4
311,is lebanese arabic the same as palestinian,0,$0,1,,4
312,lebanese language before arabic,0,$0,1,,4
313,lebanese language wiki,0,$0,1,,12
314,lebanese language name,0,$0,1,,12
315,lebanese arabic written,0,$0,1,,12
316,lebanese arabic movie,0,$0,1,,12
317,lebanese arabic wikitongues,0,$0,1,,12
318,is lebanese arabic widely understood,0,$0,1,,4
319,uncle lebanese arabic,0,$0,1,,12
320,forever in lebanese arabic,0,$0,1,,4
321,why does lebanese arabic sound french,0,$0,1,,4
322,how in lebanese arabic,0,$0,1,,4
323,is lebanese arabic easy,0,$0,1,,4
324,lebanese arabic quiz,0,$0,1,,12
325,lebanese arabic accent,0,$0,1,,12
326,lebanese arabic girl,0,$0,1,,12
327,lebanese arabic omniglot,0,$0,1,,12
328,in lebanese language,0,$0,1,,12
329,lebanese arabic rice,0,$0,1,,12
330,why lebanese arabic,0,$0,1,,12
331,comprehensible input lebanese arabic,0,$0,1,,4
332,what's wrong in lebanese arabic,0,$0,1,,4
333,lebanese arabic from scratch book 1 pdf,0,$0,1,,4
334,lebanese arabic difference,0,$0,1,,12
335,flowers in lebanese arabic,0,$0,1,,4
336,lebanese arabic anki,0,$0,1,,12
337,lebanese arabic happy new year,0,$0,1,,4
338,can you learn lebanese arabic on duolingo,0,$0,1,,4
339,lebanese arabic grandfather,0,$0,1,,12
340,which in lebanese arabic,0,$0,1,,4
341,lebanese arabic i love you,0,$0,1,,4
342,lebanese arabic proverbs,0,$0,1,,12
343,lebanese arabic vs egyptian,0,$0,1,,4
344,lebanese arabic classes melbourne,0,$0,1,,4
345,lebanese arabic english,0,$0,1,,12
346,learn lebanese arabic reddit,0,$0,1,,4
347,lebanese arabic course online,0,$0,1,,4
348,lebanese arabic tutor sydney,0,$0,1,,4
349,lebanese arabic words in english,0,$0,1,,4
350,how long in lebanese arabic,0,$0,1,,4
351,how to say gift in lebanese arabic,0,$0,1,,4
352,lebanese language numbers,0,$0,1,,12
353,lebanese language french,0,$0,1,,12
354,for you in lebanese arabic,0,$0,1,,4
355,lebanese arabic from scratch book 1,0,$0,1,,4
356,without in lebanese arabic,0,$0,1,,4
357,lebanese arabic basic phrases,0,$0,1,,4
358,how to say nice to meet you in lebanese arabic,0,$0,1,,4
359,lebanese arabic girl names,0,$0,1,,4
360,lebanese arabic words list,0,$0,1,,4
361,lebanese arabic learning app,0,$0,1,,4
362,lebanese arabic shawarma,0,$0,1,,12
363,lebanese arabic lesson 1,0,$0,1,,4
364,lebanese arabic religion,0,$0,1,,12
365,udemy lebanese arabic,0,$0,1,,12
366,lebanese arabic voices pdf,0,$0,1,,4
367,lebanese arabic idioms,0,$0,1,,12
368,lebanese arabic anki deck,0,$0,1,,4
369,lebanese arabic learning book,0,$0,1,,4
370,lebanese language thank you,0,$0,1,,4
371,lebanese language called,0,$0,1,,12
372,american lebanese language center reviews,0,$0,1,,4
373,lebanese arabic books for kids,0,$0,1,,4
374,english to lebanese language,0,$0,1,,4
375,lebanese arabic phonetics,0,$0,1,,12
376,lebanese arabic font,0,$0,1,,12
377,lebanese arabic with angela,0,$0,1,,4
378,lebanese arabic vs msa,0,$0,1,,4
379,lebanese arabic practice,0,$0,1,,12
380,lebanese arabic lessons near me,0,$0,1,,4
381,lebanese arabic pronouns,0,$0,1,,12
382,lebanese arabic question words,0,$0,1,,4
383,lebanese arabic kids books,0,$0,1,,4
384,is lebanese arabic on duolingo,0,$0,1,,4
385,lebanese arabic is called,0,$0,1,,4
386,lebanese language code,0,$0,1,,12
387,lebanese arabic restaurant galle rd colombo,0,$0,1,,4
388,is lebanese arabic levantine,0,$0,1,,4
389,is lebanese arabic similar to palestinian,0,$0,1,,4
390,lebanese arabic lessons pdf,0,$0,1,,4
391,lebanese arabic school auburn,0,$0,1,,4
392,lebanese arabic curse words,0,$0,1,,4
393,lebanese arabic 1 10,0,$0,1,,4
394,how to say how much in lebanese arabic,0,$0,1,,4
395,lebanese arabic word for cat,0,$0,1,,4
396,lebanese arabic for yes,0,$0,1,,4
397,lebanese arabic contracting co,0,$0,1,,4
398,lebanese arabic text,0,$0,1,,12
399,lebanese arabic boy names,0,$0,1,,4
400,lebanese arabic school,0,$0,1,,12
401,lebanese arabic for grandma,0,$0,1,,4
402,is lebanese arabic easy to learn,0,$0,1,,4
403,lebanese arabic days of the week,0,$0,1,,4
404,lebanese arabic test,0,$0,1,,12
405,lebanese arabic quizlet,0,$0,1,,12
406,when lebanese arabic,0,$0,1,,12
407,lebanese arabic ebook,0,$0,1,,12
408,lebanese arabic lessons for kids,0,$0,1,,4
409,american lebanese language center jbeil,0,$0,1,,4
410,lebanese language which country,0,$0,1,,4
411,lebanese arabic numbers 1 10,0,$0,1,,4
412,kifak lebanese arabic,0,$0,1,,12
413,lebanese arabic learning,0,$0,1,,12
414,lebanese arabic for dummies,0,$0,1,,4
415,lebanese arabic from scratch book,0,$0,1,,4
416,lebanese arabic good morning,0,$0,1,,4
417,lebanese arabic classes near me,0,$0,1,,4
418,are lebanese arabic people,0,$0,1,,4
419,lebanese arabic slang,0,$0,1,,12
420,lebanese arabic wiki,0,$0,1,,12
421,lebanese arabic prepositions,0,$0,1,,12
422,lebanese arabic insults,0,$0,1,,12
423,what are you doing lebanese arabic,0,$0,1,,4
424,teaching lebanese arabic,0,$0,1,,12
425,lebanese arabic book pdf,0,$0,1,,4
426,lebanese arabic goodbye,0,$0,1,,12
427,lebanese arabic how to learn,0,$0,1,,4
428,learn spoken levantine lebanese arabic,0,$0,1,,4
429,lebanese arabic vs,0,$0,1,,12
430,how much in lebanese arabic,0,$0,1,,4
431,old lebanese language,0,$0,1,,12
432,lebanese arabic basic words,0,$0,1,,4
433,lebanese language good morning,0,$0,1,,4
434,how many in lebanese arabic,0,$0,1,,4
435,lebanese language center,0,$0,1,,12
436,what's lebanese language,0,$0,1,,12
437,lebanese language school,0,$0,1,,12
438,learn levantine lebanese arabic,0,$0,1,,4
439,how many words in lebanese arabic,0,$0,1,,4
440,how to say thank you in lebanese arabic,0,$0,1,,4
441,is lebanese language same as arabic,0,$0,1,,4
