No,Keyword,Search Intent,Search Volume,CPC,Paid Difficulty,SEO Difficulty
1,"lebanese arabic","informational, commercial","1,300","US$14.45","4","57"
2,"learn lebanese arabic","commercial, transactional","320","US$5.83","66","35"
3,"lebanese language","informational","3,600","US$4.25","1","36"
4,"lebanon language french","informational","880","US$0.00","1","44"
5,"lebanese arabic learn","transactional, commercial","880","US$11.23","53","34"
6,"lebanon language spoken","informational","590","US$0.00","1","33"
7,"lebanon language translator",null,"390","US$1.92","6","15"
8,"levantine arabic learn","transactional","260","US$8.18","46","34"
9,"lebanese arabic translator",null,"260","US$4.08","5","15"
10,"lebanese arabic lessons",null,"210","US$8.55","53","29"
11,"lebanese arabic swear words","commercial, transactional, informational","140","US$0.00","1","20"
12,"lebanese arabic words","informational, commercial","140","US$1.09","4","19"
13,"lebanon arabic newspapers","commercial, navigational","110","US$0.00","1","43"
14,"levantine arabic app","commercial, transactional","90","US$4.26","60","22"
15,"lebanon arabic news","navigational, informational","90","US$0.00","1","77"
16,"lebanese arabic dictionary","navigational, transactional, commercial","90","US$0.00","1","22"
17,"lebanese arabic news","informational, navigational","90","US$0.00","1","70"
18,"lebanese arabic to english","commercial, navigational, informational","70","US$2.85","5","25"
19,"levantine arabic alphabet","transactional","50","US$0.00","2","14"
20,"levantine arabic book","transactional","50","US$0.46","70","23"
21,"lebanese arabic to english translation","commercial, navigational","50","US$3.15","7","21"
22,"lebanese arabic institute","navigational, commercial","50","US$81.29","8","31"
23,"levantine arabic resources","commercial, navigational","40","US$0.00","2","17"
24,"levantine arabic grammar","transactional","30","US$0.00","3","28"
25,"levantine arabic learning app","transactional, commercial","30","US$1.74","71","19"
26,"learn arabic lesson 1","commercial, transactional","30","US$3.01","44","10"
27,"learn arabic 3 minutes","commercial, transactional","30","US$0.00","1","51"
28,"lebanese arabic alphabet","transactional, informational, commercial","30","US$0.05","87","24"
29,"lebanese arabic book","transactional","30","US$0.65","82","14"
30,"lebanese arabic course","commercial, navigational","30","US$6.21","50","19"
31,"lebanese arabic classes","navigational, informational, commercial","30","US$7.56","36","14"
32,"lebanese arabic dialect","informational","30","US$0.00","5","35"
33,"lebanon language to english","navigational, informational","30","US$2.92","14","22"
34,"lebanese arabic 101","transactional, commercial","20","US$0.00","1","13"
35,"lebanese arabic songs",null,"20","US$0.00","1","13"
36,"lebanese arabic app",null,"20","US$0.00","26","21"
37,"lebanese arabic with hiba",null,"20","US$0.00","4","7"
38,"levantine arabic map",null,"20","US$0.00","1","13"
39,"levantine arabic numbers","transactional, commercial","20","US$0.00","1","13"
40,"lebanese arabic textbook",null,"20","US$0.00","51","29"
41,"lebanese arabic tutor",null,"20","US$27.38","73","35"
42,"lebanese arabic numbers",null,"10","US$0.00","1","13"
43,"lebanon 24 arabic",null,"10","US$0.00","1","13"
44,"lebanese arabic classes sydney",null,"10","US$0.00","1","5"
45,"lebanese arabic movies",null,"10","US$0.00","1","13"
46,"lebanese arabic male singers",null,"10","US$0.00","1","5"
47,"lebanese arabic phrasebook",null,"10","US$0.00","28","22"
48,"lebanese arabic restaurant",null,"10","US$0.00","1","13"
49,"lebanese arabic sweets",null,"10","US$0.00","1","13"
50,"lebanon arabic name",null,"10","US$0.00","1","13"
51,"lebanon united arab emirates",null,"10","US$0.00","1","5"
52,"lebanese arabic women",null,"10","US$0.00","1","13"
53,"learn arabic lesson 4",null,"10","US$0.00","1","5"
54,"learn arabic lesson 5",null,"10","US$0.00","1","5"
55,"lebanese a language",null,"10","US$0.00","1","13"
56,"lebanese language classes",null,"10","US$0.00","1","13"
57,"lebanon language translation english",null,"10","US$0.00","1","5"
58,"lebanese arabic greetings",null,"10","US$0.00","1","13"
59,"lebanese language institute",null,"10","US$0.00","1","13"
60,"lebanon language name",null,"10","US$0.00","1","13"
61,"lebanon native language",null,"10","US$0.00","1","13"
62,"lebanese arabic voices",null,"10","US$0.00","1","13"
63,"american lebanese language center zahle",null,"10","US$0.00","1","5"
64,"levantine arabic 101",null,"0","US$0.00","1","12"
65,"lebanese arabic phrasebook vol 1",null,"0","US$0.00","1","4"
66,"lebanese arabic phrasebook vol 1 pdf",null,"0","US$0.00","1","4"
67,"lebanese 101",null,"0","US$0.00","1","17"
68,"arabic lebanese 2023",null,"0","US$0.00","1","12"
69,"arabic lebanese 2022",null,"0","US$0.00","1","12"
70,"lebanese arabic for kids",null,"0","US$0.00","1","4"
71,"lebanese arabic for grandfather",null,"0","US$0.00","1","4"
72,"lebanese arabic for grandma",null,"0","US$0.00","1","4"
73,"lebanese arabic accent",null,"0","US$0.00","1","12"
74,"lebanese arabic accelerator",null,"0","US$0.00","1","12"
75,"lebanese arabic alphabet pronunciation",null,"0","US$0.00","1","4"
76,"levantine arabic alphabet pronunciation",null,"0","US$0.00","1","4"
77,"levantine arabic adjectives",null,"0","US$0.00","1","12"
78,"levantine arabic accent",null,"0","US$0.00","1","12"
79,"levantine arabic basics",null,"0","US$0.00","1","12"
80,"levantine arabic basic phrases",null,"0","US$0.00","1","4"
81,"levantine arabic book for beginners",null,"0","US$0.00","1","4"
82,"lebanese arabic bad words",null,"0","US$0.00","1","4"
83,"lebanese arabic basics",null,"0","US$0.00","1","12"
84,"lebanese arabic book pdf",null,"0","US$0.00","1","4"
85,"lebanese arabic boy names",null,"0","US$0.00","1","4"
86,"lebanese arabic basic words",null,"0","US$0.00","1","4"
87,"lebanese arabic basic phrases",null,"0","US$0.00","1","4"
88,"lebanese arabic bible",null,"0","US$0.00","1","12"
89,"lebanese arabic bread calories",null,"0","US$0.00","1","4"
90,"lebanese arabic coffee",null,"0","US$0.00","1","12"
91,"lebanese arabic classes melbourne",null,"0","US$0.00","1","4"
92,"lebanese arabic course online",null,"0","US$0.00","1","4"
93,"lebanese arabic classes near me",null,"0","US$0.00","1","4"
94,"lebanese arabic conjugation",null,"0","US$0.00","1","12"
95,"lebanese arabic contracting co",null,"0","US$0.00","1","4"
96,"lebanese arabic coffee cups",null,"0","US$0.00","1","4"
97,"conversation in lebanese arabic",null,"0","US$0.00","1","4"
98,"lebanese arabic common phrases",null,"0","US$0.00","1","4"
99,"lebanese arabic compliments",null,"0","US$0.00","1","12"
100,"lebanese arabic cartoons",null,"0","US$0.00","1","12"
101,"lebanese arabic dialect translator",null,"0","US$0.00","1","4"
102,"lebanese arabic duolingo",null,"0","US$0.00","1","12"
103,"lebanese arabic dardashi",null,"0","US$0.00","1","12"
104,"lebanese arabic dictionary pdf",null,"0","US$0.00","1","4"
105,"lebanese arabic differences",null,"0","US$0.00","1","12"
106,"lebanese arabic days of the week",null,"0","US$0.00","1","4"
107,"lebanese arabic dialect name",null,"0","US$0.00","1","4"
108,"lebanese arabic dataset",null,"0","US$0.00","1","12"
109,"lebanese arabic dialogue",null,"0","US$0.00","1","12"
110,"lebanese arabic dance",null,"0","US$0.00","1","12"
111,"arabic dishes lebanese",null,"0","US$0.00","1","12"
112,"arabic lebanese dialect to english",null,"0","US$0.00","1","4"
113,"lebanese arabic english",null,"0","US$0.00","1","12"
114,"lebanese arabic english dictionary",null,"0","US$0.00","1","4"
115,"lebanese arabic ebook",null,"0","US$0.00","1","12"
116,"levantine arabic expressions",null,"0","US$0.00","1","12"
117,"levantine arabic exercises",null,"0","US$0.00","1","12"
118,"levantine arabic english",null,"0","US$0.00","1","12"
119,"examples of levantine arabic",null,"0","US$0.00","1","4"
120,"levantine arabic english translator",null,"0","US$0.00","1","4"
121,"levantine arabic easy grammar pdf",null,"0","US$0.00","1","4"
122,"levantine arabic easy grammar",null,"0","US$0.00","1","4"
123,"levantine arabic emotions",null,"0","US$0.00","1","12"
124,"lebanese arabic flashcards",null,"0","US$0.00","1","12"
125,"lebanese arabic food near me",null,"0","US$0.00","1","4"
126,"lebanese arabic from scratch pdf free download",null,"0","US$0.00","1","4"
127,"lebanese arabic french",null,"0","US$0.00","1","12"
128,"lebanese arabic flag",null,"0","US$0.00","1","12"
129,"lebanese arabic from scratch book",null,"0","US$0.00","1","4"
130,"lebanese arabic free",null,"0","US$0.00","1","12"
131,"lebanese arabic girl names",null,"0","US$0.00","1","4"
132,"lebanese arabic good morning",null,"0","US$0.00","1","4"
133,"lebanese arabic guide",null,"0","US$0.00","1","12"
134,"lebanese arabic goodbye",null,"0","US$0.00","1","12"
135,"lebanese arabic grandma",null,"0","US$0.00","1","12"
136,"lebanese arabic girl",null,"0","US$0.00","1","12"
137,"lebanese arabic generator",null,"0","US$0.00","1","12"
138,"lebanese arabic goodnight",null,"0","US$0.00","1","12"
139,"lebanese arabic grandfather",null,"0","US$0.00","1","12"
140,"lebanese arabic hello",null,"0","US$0.00","1","12"
141,"lebanese arabic how are you",null,"0","US$0.00","1","4"
142,"lebanese arabic happy birthday",null,"0","US$0.00","1","4"
143,"lebanese arabic how to learn",null,"0","US$0.00","1","4"
144,"lebanese arabic handwriting",null,"0","US$0.00","1","12"
145,"lebanese arabic habibi",null,"0","US$0.00","1","12"
146,"levantine arabic how are you",null,"0","US$0.00","1","4"
147,"levantine arabic how to learn",null,"0","US$0.00","1","4"
148,"levantine arabic happy birthday",null,"0","US$0.00","1","4"
149,"levantine arabic hello",null,"0","US$0.00","1","12"
150,"lebanese language hello",null,"0","US$0.00","1","12"
151,"levantine arabic history",null,"0","US$0.00","1","12"
152,"lebanese language history",null,"0","US$0.00","1","12"
153,"lebanese arabic insults",null,"0","US$0.00","1","12"
154,"lebanese arabic institute reviews",null,"0","US$0.00","1","4"
155,"lebanese arabic i love you",null,"0","US$0.00","1","4"
156,"lebanese arabic in english",null,"0","US$0.00","1","4"
157,"lebanese arabic i miss you",null,"0","US$0.00","1","4"
158,"lebanese arabic is called",null,"0","US$0.00","1","4"
159,"levantine arabic insults",null,"0","US$0.00","1","12"
160,"levantine arabic i love you",null,"0","US$0.00","1","4"
161,"levantine arabic i miss you",null,"0","US$0.00","1","4"
162,"levantine arabic is spoken where",null,"0","US$0.00","1","4"
163,"lebanese language is",null,"0","US$0.00","1","12"
164,"levantine arabic jobs",null,"0","US$0.00","1","12"
165,"levantine arabic jordan",null,"0","US$0.00","1","12"
166,"lebanese vs jordanian arabic",null,"0","US$0.00","1","4"
167,"judeo lebanese arabic",null,"0","US$0.00","1","12"
168,"learn arabic jordanian dialect",null,"0","US$0.00","1","4"
169,"lebanese arabic keyboard",null,"0","US$0.00","1","12"
170,"lebanese arabic kids books",null,"0","US$0.00","1","4"
171,"lebanese arabic kids shows",null,"0","US$0.00","1","4"
172,"levantine arabic kids shows",null,"0","US$0.00","1","4"
173,"levantine arabic keyboard",null,"0","US$0.00","1","12"
174,"levantine arabic kids books",null,"0","US$0.00","1","4"
175,"lebanese arabic lessons for kids",null,"0","US$0.00","1","4"
176,"learn lebanese arabic for kids",null,"0","US$0.00","1","4"
177,"lebanese arabic learning app",null,"0","US$0.00","1","4"
178,"lebanese arabic letters",null,"0","US$0.00","1","12"
179,"lebanese arabic lessons sydney",null,"0","US$0.00","1","4"
180,"lebanese arabic learning book",null,"0","US$0.00","1","4"
181,"lebanese arabic learn free",null,"0","US$0.00","1","4"
182,"levantine arabic language",null,"0","US$0.00","1","12"
183,"lebanese arabic months",null,"0","US$0.00","1","12"
184,"lebanese arabic map",null,"0","US$0.00","1","12"
185,"lebanese arabic months of the year",null,"0","US$0.00","1","4"
186,"lebanese arabic meaning",null,"0","US$0.00","1","12"
187,"lebanese arabic meme",null,"0","US$0.00","1","12"
188,"lebanese arabic memrise",null,"0","US$0.00","1","12"
189,"lebanese arabic male names",null,"0","US$0.00","1","4"
190,"lebanese arabic names for girls",null,"0","US$0.00","1","4"
191,"lebanese arabic names for boys",null,"0","US$0.00","1","4"
192,"lebanese arabic numbers 1 10",null,"0","US$0.00","1","4"
193,"lebanese language name",null,"0","US$0.00","1","12"
194,"levantine arabic names",null,"0","US$0.00","1","12"
195,"levantine arabic netflix",null,"0","US$0.00","1","12"
196,"lebanese arabic online",null,"0","US$0.00","1","12"
197,"lebanese arabic omniglot",null,"0","US$0.00","1","12"
198,"levantine arabic omniglot",null,"0","US$0.00","1","12"
199,"levantine arabic origin",null,"0","US$0.00","1","12"
200,"levantine arabic orthography",null,"0","US$0.00","1","12"
201,"levantine arabic online tutor",null,"0","US$0.00","1","4"
202,"levantine arabic online dictionary",null,"0","US$0.00","1","4"
203,"levantine arabic online classes",null,"0","US$0.00","1","4"
204,"levantine arabic on netflix",null,"0","US$0.00","1","4"
205,"lebanese arabic phonology",null,"0","US$0.00","1","12"
206,"lebanese arabic pronunciation",null,"0","US$0.00","1","12"
207,"lebanese arabic pronouns",null,"0","US$0.00","1","12"
208,"lebanese arabic phrases pdf",null,"0","US$0.00","1","4"
209,"lebanese arabic proverbs",null,"0","US$0.00","1","12"
210,"lebanese arabic practice",null,"0","US$0.00","1","12"
211,"lebanese arabic prepositions",null,"0","US$0.00","1","12"
212,"lebanese arabic quiz",null,"0","US$0.00","1","12"
213,"lebanese arabic quizlet",null,"0","US$0.00","1","12"
214,"levantine arabic quiz",null,"0","US$0.00","1","12"
215,"levantine arabic question words",null,"0","US$0.00","1","4"
216,"levantine arabic quizlet",null,"0","US$0.00","1","12"
217,"levantine arabic quotes",null,"0","US$0.00","1","12"
218,"levantine arabic questions",null,"0","US$0.00","1","12"
219,"levantine arabic quran",null,"0","US$0.00","1","12"
220,"lebanese arabic restaurant near me",null,"0","US$0.00","1","4"
221,"lebanese arabic resources",null,"0","US$0.00","1","12"
222,"lebanese arabic religion",null,"0","US$0.00","1","12"
223,"lebanese arabic rice",null,"0","US$0.00","1","12"
224,"lebanese arabic restaurant galle rd colombo",null,"0","US$0.00","1","4"
225,"lebanese roaster arabic coffee",null,"0","US$0.00","1","4"
226,"arabic lebanese restaurant dubai",null,"0","US$0.00","1","4"
227,"levantine arabic reading practice",null,"0","US$0.00","1","4"
228,"levantine arabic resources reddit",null,"0","US$0.00","1","4"
229,"levantine arabic reader",null,"0","US$0.00","1","12"
230,"lebanese arabic slang",null,"0","US$0.00","1","12"
231,"lebanese arabic school",null,"0","US$0.00","1","12"
232,"lebanese arabic surnames",null,"0","US$0.00","1","12"
233,"lebanese arabic shawarma",null,"0","US$0.00","1","12"
234,"lebanese arabic shows",null,"0","US$0.00","1","12"
235,"lebanese arabic school london",null,"0","US$0.00","1","4"
236,"lebanese arabic thank you",null,"0","US$0.00","1","4"
237,"lebanese arabic terms of endearment",null,"0","US$0.00","1","4"
238,"lebanese arabic textbook pdf",null,"0","US$0.00","1","4"
239,"lebanese arabic text to speech",null,"0","US$0.00","1","4"
240,"lebanese arabic tutor sydney",null,"0","US$0.00","1","4"
241,"lebanese arabic teacher online",null,"0","US$0.00","1","4"
242,"lebanese arabic tv shows",null,"0","US$0.00","1","4"
243,"lebanese arabic teacher dubai",null,"0","US$0.00","1","4"
244,"lebanese arabic university",null,"0","US$0.00","1","12"
245,"lebanese university arabic literature",null,"0","US$0.00","1","4"
246,"levantine arabic udemy",null,"0","US$0.00","1","12"
247,"levantine arabic university",null,"0","US$0.00","1","12"
248,"lebanese university language of instruction",null,"0","US$0.00","1","4"
249,"lebanese american university arabic",null,"0","US$0.00","1","4"
250,"udemy lebanese arabic",null,"0","US$0.00","1","12"
251,"lebanese arabic verb conjugation",null,"0","US$0.00","1","4"
252,"lebanese arabic voices pdf",null,"0","US$0.00","1","4"
253,"lebanese arabic vowels",null,"0","US$0.00","1","12"
254,"lebanese arabic videos",null,"0","US$0.00","1","12"
255,"lebanese arabic workbook",null,"0","US$0.00","1","12"
256,"lebanese arabic words list",null,"0","US$0.00","1","4"
257,"lebanese arabic wikipedia",null,"0","US$0.00","1","12"
258,"lebanese arabic wedding songs",null,"0","US$0.00","1","4"
259,"lebanese arabic words in english",null,"0","US$0.00","1","4"
260,"lebanese arabic word for grandmother",null,"0","US$0.00","1","4"
261,"lebanese arabic youtube",null,"0","US$0.00","1","12"
262,"lebanese arabic yes",null,"0","US$0.00","1","12"
263,"levantine arabic youtube",null,"0","US$0.00","1","12"
264,"levantine arabic youtube channels",null,"0","US$0.00","1","4"
265,"levantine arabic yes",null,"0","US$0.00","1","12"
266,"levantine arabic yesterday",null,"0","US$0.00","1","12"
267,"levantine arabic youtube reddit",null,"0","US$0.00","1","4"
268,"learn lebanese arabic youtube",null,"0","US$0.00","1","4"
269,"yesterday lebanese arabic",null,"0","US$0.00","1","12"
270,"lebanon arabic meaning",null,"0","US$0.00","1","12"
271,"lebanon united arab emirates basketball",null,"0","US$0.00","1","4"
272,"lebanese arabic phonetics",null,"0","US$0.00","1","12"
273,"lebanese arabic slurs",null,"0","US$0.00","1","12"
274,"lebanese arab republic",null,"0","US$0.00","1","12"
275,"lebanese arabic from scratch book 1 pdf",null,"0","US$0.00","1","4"
276,"lebanese arab dna",null,"0","US$0.00","1","12"
277,"kifak lebanese arabic",null,"0","US$0.00","1","12"
278,"lebanon on arabic",null,"0","US$0.00","1","12"
279,"lebanese arabic font",null,"0","US$0.00","1","12"
280,"lebanese arabic sentences",null,"0","US$0.00","1","12"
281,"lebanese arabic learning",null,"0","US$0.00","1","12"
282,"lebanese arabic written",null,"0","US$0.00","1","12"
283,"lebanese arab nationalist",null,"0","US$0.00","1","12"
284,"lebanese arab man",null,"0","US$0.00","1","12"
285,"lebanon arabic language school",null,"0","US$0.00","1","4"
286,"lebanese arabic word for grandpa",null,"0","US$0.00","1","4"
287,"lebanese arabic interview",null,"0","US$0.00","1","12"
288,"lebanese mix 2022",null,"0","US$0.00","1","12"
289,"lebanese arabic movie",null,"0","US$0.00","1","12"
290,"lebanese arabic for grandpa",null,"0","US$0.00","1","4"
291,"lebanese arabic curse words",null,"0","US$0.00","1","4"
292,"lebanese arabic 1 10",null,"0","US$0.00","1","4"
293,"lebanese arabic for beautiful",null,"0","US$0.00","1","4"
294,"lebanese arab guy",null,"0","US$0.00","1","12"
295,"lebanese arabic for dummies",null,"0","US$0.00","1","4"
296,"lebanese arabic to english translation google",null,"0","US$0.00","1","4"
297,"lebanese arabic worksheets",null,"0","US$0.00","1","12"
298,"lebanese arab men",null,"0","US$0.00","1","12"
299,"lebanon arab university",null,"0","US$0.00","1","12"
300,"lebanese arabic word for cat",null,"0","US$0.00","1","4"
301,"lebanese arabic for yes",null,"0","US$0.00","1","4"
302,"lebanese arabic shows on netflix",null,"0","US$0.00","1","4"
303,"is lebanese arabic widely understood",null,"0","US$0.00","1","4"
304,"kissimmee lebanese arabic",null,"0","US$0.00","1","12"
305,"yalla lebanese arabic",null,"0","US$0.00","1","12"
306,"uncle lebanese arabic",null,"0","US$0.00","1","12"
307,"lebanese arabic from scratch book 1",null,"0","US$0.00","1","4"
308,"is lebanese arabic easy to learn",null,"0","US$0.00","1","4"
309,"learn lebanese arabic dialect",null,"0","US$0.00","1","4"
310,"learning lebanese arabic for beginners",null,"0","US$0.00","1","4"
311,"learn arabic lesson 8",null,"0","US$0.00","1","4"
312,"learning arabic 9",null,"0","US$0.00","1","12"
313,"learn lebanese arabic ai",null,"0","US$0.00","1","4"
314,"best resources to learn lebanese arabic",null,"0","US$0.00","1","4"
315,"learn lebanese arabic course",null,"0","US$0.00","1","4"
316,"learn lebanese arabic dubai",null,"0","US$0.00","1","4"
317,"learn lebanese arabic in dubai",null,"0","US$0.00","1","4"
318,"learn in lebanese arabic",null,"0","US$0.00","1","4"
319,"i want to learn lebanese arabic",null,"0","US$0.00","1","4"
320,"learn levantine lebanese arabic",null,"0","US$0.00","1","4"
321,"learn lebanese sign language",null,"0","US$0.00","1","4"
322,"learn spoken lebanese arabic",null,"0","US$0.00","1","4"
323,"learn lebanese arabic words",null,"0","US$0.00","1","4"
324,"learn lebanese arabic for free",null,"0","US$0.00","1","4"
325,"lebanese language before arabic",null,"0","US$0.00","1","4"
326,"lebanon 2nd language",null,"0","US$0.00","1","12"
327,"lebanese language aerie",null,"0","US$0.00","1","12"
328,"lebanese arabic anki",null,"0","US$0.00","1","12"
329,"lebanese arabic ai",null,"0","US$0.00","1","12"
330,"lebanese arabic anki deck",null,"0","US$0.00","1","4"
331,"lebanese arabic ai translator",null,"0","US$0.00","1","4"
332,"lebanon ancient language",null,"0","US$0.00","1","12"
333,"lebanese language basics",null,"0","US$0.00","1","12"
334,"lebanese body language",null,"0","US$0.00","1","12"
335,"lebanese arabic books for kids",null,"0","US$0.00","1","4"
336,"lebanese arabic bread recipe",null,"0","US$0.00","1","4"
337,"lebanese language country",null,"0","US$0.00","1","12"
338,"lebanese language called",null,"0","US$0.00","1","12"
339,"lebanese language code",null,"0","US$0.00","1","12"
340,"lebanese language center",null,"0","US$0.00","1","12"
341,"lebanon language code",null,"0","US$0.00","1","12"
342,"lebanon language called",null,"0","US$0.00","1","12"
343,"lebanon language course",null,"0","US$0.00","1","12"
344,"lebanon language crossword",null,"0","US$0.00","1","12"
345,"lebanese chat language",null,"0","US$0.00","1","12"
346,"lebanon language demographics",null,"0","US$0.00","1","12"
347,"lebanon language dialect",null,"0","US$0.00","1","12"
348,"lebanon language english",null,"0","US$0.00","1","12"
349,"lebanese english language newspaper",null,"0","US$0.00","1","4"
350,"lebanon language to english translation google",null,"0","US$0.00","1","4"
351,"lebanese language french",null,"0","US$0.00","1","12"
352,"lebanese language family",null,"0","US$0.00","1","12"
353,"lebanese first language",null,"0","US$0.00","1","12"
354,"lebanese language good morning",null,"0","US$0.00","1","4"
355,"lebanese language guy",null,"0","US$0.00","1","12"
356,"lebanon language history",null,"0","US$0.00","1","12"
357,"lebanon hanover language",null,"0","US$0.00","1","12"
358,"lebanese language is called",null,"0","US$0.00","1","4"
359,"lebanon language is",null,"0","US$0.00","1","12"
360,"lebanese internet language",null,"0","US$0.00","1","12"
361,"lebanese arabic ipa",null,"0","US$0.00","1","12"
362,"lebanese arabic idioms",null,"0","US$0.00","1","12"
363,"lebanon ki language kya hai",null,"0","US$0.00","1","4"
364,"lebanon ki language",null,"0","US$0.00","1","12"
365,"lebanese meaning in kannada language",null,"0","US$0.00","1","4"
366,"lebanese arabic lessons near me",null,"0","US$0.00","1","4"
367,"lebanese arabic levantine",null,"0","US$0.00","1","12"
368,"lebanon language map",null,"0","US$0.00","1","12"
369,"lebanese main language",null,"0","US$0.00","1","12"
370,"lebanon mother language",null,"0","US$0.00","1","12"
371,"lebanon major language",null,"0","US$0.00","1","12"
372,"lebanese language numbers",null,"0","US$0.00","1","12"
373,"lebanese native language",null,"0","US$0.00","1","12"
374,"arabic lebanese names",null,"0","US$0.00","1","12"
375,"lebanon language official",null,"0","US$0.00","1","12"
376,"lebanon original language",null,"0","US$0.00","1","12"
377,"lebanon official language french",null,"0","US$0.00","1","4"
378,"lebanon old language",null,"0","US$0.00","1","12"
379,"lebanese american university language of instruction",null,"0","US$0.00","1","4"
380,"language of lebanese people",null,"0","US$0.00","1","4"
381,"old lebanese language",null,"0","US$0.00","1","12"
382,"lebanese language pdf",null,"0","US$0.00","1","12"
383,"lebanese language pronunciation",null,"0","US$0.00","1","12"
384,"lebanese people language",null,"0","US$0.00","1","12"
385,"lebanese primary language",null,"0","US$0.00","1","12"
386,"language lebanese people speak",null,"0","US$0.00","1","4"
387,"lebanese arabic pdf",null,"0","US$0.00","1","12"
388,"lebanese language reddit",null,"0","US$0.00","1","12"
389,"american lebanese language center reviews",null,"0","US$0.00","1","4"
390,"lebanese language school",null,"0","US$0.00","1","12"
391,"lebanon language school",null,"0","US$0.00","1","12"
392,"lebanon language spanish",null,"0","US$0.00","1","12"
393,"lebanese second language",null,"0","US$0.00","1","12"
394,"lebanese sign language alphabet",null,"0","US$0.00","1","4"
395,"lebanese slang language",null,"0","US$0.00","1","12"
396,"lebanese language tutor",null,"0","US$0.00","1","12"
397,"lebanese language translator google translate",null,"0","US$0.00","1","4"
398,"lebanon language to bangla",null,"0","US$0.00","1","4"
399,"lebanese text language",null,"0","US$0.00","1","12"
400,"lebanese language writing",null,"0","US$0.00","1","12"
401,"lebanese language written",null,"0","US$0.00","1","12"
402,"lebanese language wiki",null,"0","US$0.00","1","12"
403,"lebanese what language",null,"0","US$0.00","1","12"
404,"lebanese whatsapp language",null,"0","US$0.00","1","12"
405,"lebanese arabic writing",null,"0","US$0.00","1","12"
406,"lebanese christian language",null,"0","US$0.00","1","12"
