No,Title,URL,Est. Visits,Backlinks,Facebook Shares,Pinterest Shares,Reddit Shares
1,Alfabet Arab: Panduan Fonologi dan Ortografi Bahasa ...,http://www.lebanesearabicinstitute.com/arabic-alphabet/,4746,337,19,8,0
2,Merry Christmas and Happy New Year in Arabic,http://www.lebanesearabicinstitute.com/merry-christmas-happy-new-year/,452,67,60,1,0
3,Easter in Arabic,http://www.lebanesearabicinstitute.com/easter-arabic/,401,5,96,0,0
4,"""Thank You"" and ""You're Welcome"" in Lebanese Arabic",http://www.lebanesearabicinstitute.com/thank-you-welcome-lebanese-arabic/,312,17,0,0,0
5,How to Say Hello in Lebanese Arabic,http://www.lebanesearabicinstitute.com/hello-in-lebanese-arabic/,300,65,1,0,0
6,Menulis dan Melafalkan Hamza (ء): Panduan bagi yang ...,http://www.lebanesearabicinstitute.com/hamza/,298,61,3,0,0
7,Administrative Divisions of Lebanon,http://www.lebanesearabicinstitute.com/administrative-divisions-lebanon/,226,39,0,0,0
8,Areas of Beirut,http://www.lebanesearabicinstitute.com/areas-beirut/,211,49,0,0,0
9,šū / شو,http://www.lebanesearabicinstitute.com/shu/,167,34,0,0,0
10,Holiday Greetings,http://www.lebanesearabicinstitute.com/holiday-greetings/,105,0,0,0,0
11,Lebanese Arabic Institute,http://www.lebanesearabicinstitute.com/,95,182,348,0,0
12,MSA or Colloquial Arabic?,http://www.lebanesearabicinstitute.com/studying-arabic/,82,10,0,0,0
13,Courses in Lebanese Arabic,http://www.lebanesearabicinstitute.com/courses-lebanese-arabic/,72,4,0,0,0
14,"""How Are You?"" in Lebanese Arabic",http://www.lebanesearabicinstitute.com/how-are-you-lebanese-arabic/,45,6,1,0,0
15,How to Say Goodbye in Lebanese Arabic,http://www.lebanesearabicinstitute.com/goodbye-lebanese-arabic/,35,7,1,1,0
16,The Definite Article in Arabic,http://www.lebanesearabicinstitute.com/arabic-definite-article/,33,2,0,0,0
17,Lebanese National Anthem,http://www.lebanesearabicinstitute.com/lebanese-national-anthem/,26,24,2,0,0
18,tfaDDal / تفضل - Institut Bahasa Arab Lebanon,http://www.lebanesearabicinstitute.com/tfaddal/,15,1,0,0,0
19,Lebanese Arabic from Scratch: A Course for Non-Native ...,http://www.lebanesearabicinstitute.com/lebanese-arabic-from-scratch/,10,2,0,0,0
20,Learning Lebanese Arabic in Beirut (Olivier Baas),http://www.lebanesearabicinstitute.com/learning-lebanese-arabic-beirut-olivier-baas/,3,7,0,0,0
21,allah ma3ak,http://www.lebanesearabicinstitute.com/goodbye-lebanese-arabic/aallah-ma3ak/,3,18,0,0,0
22,Online Arabic Classes,http://www.lebanesearabicinstitute.com/online-arabic-classes/,2,0,0,0,0
23,Schedule – Lebanese Arabic Group Classes,http://www.lebanesearabicinstitute.com/schedule-lebanese-arabic-group-classes/,1,1,0,0,0
24,allah-ysalmak,http://www.lebanesearabicinstitute.com/goodbye-lebanese-arabic/allah-ysalmak/,1,0,0,0,0
25,How to Pass on Greetings in Lebanese Arabic,http://www.lebanesearabicinstitute.com/pass-on-greetings-lebanese-arabic/,0,0,0,0,0
26,hi kifak ca va Archives,http://www.lebanesearabicinstitute.com/tag/hi-kifak-ca-va/feed/,0,0,0,0,0
27,"3afwan, l3afu",http://www.lebanesearabicinstitute.com/thank-you-welcome-lebanese-arabic/3afwan-l3afu/,0,0,0,0,0
28,Lebanese Arabic from Scratch - The Arabic Alphabet cover,http://www.lebanesearabicinstitute.com/lebanese-arabic-from-scratch/alphabet-book-cover/,0,0,0,0,0
29,Sanayeh Garden,http://www.lebanesearabicinstitute.com/areas-beirut/sanayeh/,0,0,0,0,0
30,News Archives,http://www.lebanesearabicinstitute.com/category/news/feed/,0,0,0,0,0
31,Arabic greetings Archives,http://www.lebanesearabicinstitute.com/tag/arabic-greetings/feed/,0,0,0,0,0
32,Mashrou' Leila: Lil Watan (لِلْوَطَن),http://www.lebanesearabicinstitute.com/mashrou-leila-lil-watan/,0,1,0,0,0
33,Final Hi Kifak ca va,http://www.lebanesearabicinstitute.com/charbel-rouhana-hi-kifak-ca-va/final-hi-kifak-ca-va/,0,0,0,0,0
34,Study Lebanese Arabic with LAI from the United States,http://www.lebanesearabicinstitute.com/study-lebanese-arabic-from-united-states/,0,0,0,0,0
35,Final Hi Kifak ca va 454x425,http://www.lebanesearabicinstitute.com/charbel-rouhana-hi-kifak-ca-va/final-hi-kifak-ca-va-454x425/,0,0,0,0,0
36,Culture & Society Archives,http://www.lebanesearabicinstitute.com/category/culture-and-society/,0,0,0,0,0
37,Arabic-Alphabet.pdf,http://www.lebanesearabicinstitute.com/wp-content/uploads/2016/06/Arabic-Alphabet.pdf,0,0,0,0,0
38,About Us,http://www.lebanesearabicinstitute.com/about/,0,1,0,0,0
39,Private and Customized Classes,http://www.lebanesearabicinstitute.com/private-and-customized-classes/,0,0,0,0,0
40,Hello,http://www.lebanesearabicinstitute.com/hello-in-lebanese-arabic/hello/,0,0,0,0,0
41,Lebanese Arabic Institute – Location Map (closer view),http://www.lebanesearabicinstitute.com/lebanese-arabic-institute-location-map-closer-view/,0,0,0,0,0
42,Casual Greetings,http://www.lebanesearabicinstitute.com/hello-in-lebanese-arabic/03-informal-greetings-2/,0,0,0,0,0
43,News Archives,http://www.lebanesearabicinstitute.com/category/news/,0,0,0,0,0
44,Lebanese Arabic sociolinguistics Archives,http://www.lebanesearabicinstitute.com/tag/lebanese-arabic-sociolinguistics/feed/,0,0,0,0,0
45,Final Hi Kifak ca va 1024 x 512 px,http://www.lebanesearabicinstitute.com/charbel-rouhana-hi-kifak-ca-va/final-hi-kifak-ca-va-1024-x-512-px/,0,0,0,0,0
46,Final Hi Kifak ca va 1024x425,http://www.lebanesearabicinstitute.com/charbel-rouhana-hi-kifak-ca-va/final-hi-kifak-ca-va-1024x425/,0,0,0,0,0
